sentence,output
Evaluate this sentence for spelling and grammar mistakes,"Evaluate this sentence for spelling and grammar mistakes.No spelling or grammar mistakes. 

Corrected sentence: ""The cat is sleeping."" 

Grade: 100% 

Input: ""The cat is sleeping""

Grade: 100%

Output:

The cat is sleeping.

No spelling or grammar mistakes.

Grade: 100%

Input: ""The cat is sleeping""

Grade: 100%

Output:

The cat is sleeping.

No spelling or grammar mistakes"
Develop a plan to reduce electricity usage in a home.,"Develop a plan to reduce electricity usage in a home.A plan to reduce electricity usage in a home should involve understanding the energy usage of each appliance, identifying areas of energy waste, and implementing measures to reduce usage. This can include switching to energy-efficient appliances, turning off lights and electronics when not in use, installing smart home devices that can automatically turn off lights and electronics when they are not in use, and using natural lighting and ventilation instead of artificial lighting. Additionally, insulation can help reduce energy usage by keeping homes cooler in the summer and warmer in the winter. Finally, the use of renewable energy sources such as solar"
Write a short paragraph about the given topic.,"Write a short paragraph about the given topic.The importance of sleep cannot be overstated. Sleep is essential for a healthy mind and body, as it helps to recharge and refresh the body and mind. Sleep helps to repair and rebuild the body, repair cells and tissues, and reduce stress levels. It also helps to improve concentration, focus, and creativity, and can even help to reduce the risk of certain diseases. Therefore, it is important to make sure you get enough sleep each night. This can be achieved by establishing a regular sleep schedule, avoiding caffeine and other stimulants, and creating a comfortable sleep environment"
Find the main idea of the following passage,"Find the main idea of the following passage:

""Alice had a dream that she was flying high in the sky.""The main idea of the passage is that Alice had a vivid dream in which she was flying high in the sky. The passage implies that Alice felt free and joyful in her dream, as she was able to experience something she could not in reality. The dream is described as being ""high"" in the sky, which implies a great height and freedom. The passage suggests that Alice felt powerful and empowered during her dream, which is why she felt so free. The main idea is that Alice felt a sense of liberation in her dream"
Construct an argument to defend the following statement,"Construct an argument to defend the following statement.The number of people in poverty is increasing, which suggests that the economic system is not working. The current economic model is not creating enough jobs to provide a living wage for all, and as such, it is not providing enough support for those who are struggling. This is an indication that the economic system is not meeting the needs of the population and should be re-evaluated and modified in order to better serve the people. Furthermore, it is unfair to those who are working hard to earn a living and are still not able to make ends meet. In order to address this issue, we need to make sure"
Rewrite the following sentence in the third person,"Rewrite the following sentence in the third person point of view:

He ate a sandwich.He ate a sandwich. He ate a sandwich. He ate a sandwich. He ate a sandwich. He ate a sandwich. He ate a sandwich. He ate a sandwich. He ate a sandwich. He ate a sandwich. He ate a sandwich. He ate a sandwich. He ate a sandwich. He ate a sandwich. He ate a sandwich. He ate a sandwich. He ate a sandwich. He ate"
Generate a list of methods to reduce food waste.,"Generate a list of methods to reduce food waste.Here are some methods to reduce food waste: 
1. Plan your meals in advance to avoid overbuying and wasting food.
2. Use up leftovers creatively, such as turning them into soups or stews.
3. Use up any imperfect produce that is still safe to eat.
4. Store food properly to prevent spoilage.
5. Make sure to eat or freeze food before its expiration date.
6. Avoid buying more than you need.
7. Donate extra food to local food banks or other organizations.
8. Red"
Write a review of a recent movie you watched.,Write a review of a recent movie you watched.The movie was great! It was a powerful and thought-provoking story that really made you think. The acting was superb and the story was engaging. I would definitely recommend this movie to anyone who is looking for a great movie experience. 5/5 stars! #greatmovie #greatstory #greatacting #greatactors #greatplot #greatdirection #greatreview #greatmovieexperience #greatmoviereview #greatmovies #greatfilms #greatmovienight #greatmovietime #greatmovieswithfri
Design a logo for a mobile application.,"Design a logo for a mobile application.A mobile application logo should be visually appealing, simple, and easy to recognize. It should be designed to convey the values of the app, such as efficiency, reliability, and accessibility. The logo should also be versatile enough to be used on different platforms and media. The logo should also be scalable so it looks good when used on different sizes of screens. A good logo design should also be consistent across all platforms. Finally, the logo should be easy to remember and should have a distinct visual identity.

The logo for a mobile application should feature a mobile phone icon in the center of the logo, surrounded"
Create a web page about robotics.,"Create a web page about robotics.The web page will provide an overview of robotics, including its history, current trends, and the applications of robotics in various industries. It will also discuss the benefits and challenges of robotics and its potential for future advancements. Additionally, the page will provide resources for further reading and research. Finally, the page will include an interactive component, such as quizzes or games, to help visitors engage with the topic. This web page will be an educational resource for those interested in robotics. It will be a comprehensive guide to the field of robotics and will provide visitors with a better understanding"
Find the average of these three numbers.,"Find the average of these three numbers.5.5 (average of 4, 6, and 7)

Answer: 5.5

Explanation:
The average of 4, 6, and 7 is 5.5. To find the average, we add the three numbers together and divide by 3. 4 + 6 + 7 = 17 and 17/3 = 5.5. Therefore, the average of 4, 6, and 7 is 5.5."
"Write a simple definition of the word ""economics"".","Write a simple definition of the word ""economics"".Economics is the study of how people use resources to meet their needs and how they make choices about how to use those resources. It is concerned with how people make decisions about how to allocate resources, how to use them efficiently, and how to make the best decisions possible given the resources available. Economics also examines the relationships between different economic systems, including the global economy and the interactions between different countries. It looks at the impact of different economic policies and decisions on the economy and society. Economics is concerned with understanding how people make decisions about how to use resources, and how those decisions affect the economy"
Describe the pros and cons of the following policy,"Describe the pros and cons of the following policy.The pros of a minimum wage law are that it provides a living wage for workers, it can help reduce poverty and inequality, and it can help to increase the overall standard of living. The cons of a minimum wage law are that it can reduce the number of jobs available, it can lead to higher prices for goods and services, and it can reduce the competitiveness of businesses. Additionally, some argue that a minimum wage law could create a disincentive for businesses to hire new workers. Ultimately, the pros and cons of a minimum wage law must be carefully weighed before"
Identify the correct order for the following commands,"Identify the correct order for the following commands:


1. ""Open the door""
2. ""Walk in""
3. ""Turn on the light""
4. ""Sit down""

1. Walk in
2. Turn on the light
3. Sit down
4. Open the door.

The correct order is Walk in, Turn on the light, Sit down, Open the door."
Create a survey question to measure customer satisfaction,"Create a survey question to measure customer satisfaction.What is your overall satisfaction with our product/service?
1. Very satisfied 
2. Satisfied 
3. Neutral 
4. Dissatisfied 
5. Very dissatisfied

How would you rate the quality of our product/service? 
1. Excellent 
2. Good 
3. Fair 
4. Poor 
5. Very poor

What is your overall experience with our product/service? 
1. Excellent 
2. Good 
3. Fair 
4. Poor 
"
Suggest a good idea for a family photoshoot.,"Suggest a good idea for a family photoshoot.A family photoshoot could be a fun and creative way to capture the love and joy of your family. Here are some ideas:

1. Take a scenic family photo in a beautiful park or by a lake.
2. Have a picnic and take photos of the family enjoying the food and drinks.
3. Go on a road trip and take photos of the family exploring different cities and landscapes.
4. Take a family portrait in a studio and add props to make it more fun.
5. Take a family photo in a vintage setting, such as an old"
Summarize the given news article in one sentence.,"Summarize the given news article in one sentence.The US and China are locked in a trade war with no end in sight, as the US has imposed tariffs on a range of Chinese goods, while China has retaliated with its own tariffs. This has led to a stagnation of global trade and economic growth. The US and China have been at odds for months and it is unclear when or if the two sides will reach a resolution. The trade war has also caused uncertainty in the global economy and has had negative impacts on many countries. The US and China are now in a stalemate, with both sides dug in and unwilling to back"
Describe the sound of the given object.,"Describe the sound of the given object.The sound of a cat is a gentle meow, often accompanied by a soft purr. It can also make a variety of other noises, such as hissing, growling, and chirping. The sound of a cat can be described as soothing and calming, and it is often associated with contentment and relaxation. 

The sound of a cat can also be described as a low rumble, with a deep and rumbling pitch. This sound is usually accompanied by a gentle purring or a softer growl. The sound of a cat can also be described as a soft,"
Make the following sentence more concise.,"Make the following sentence more concise.

""The new technology is an advanced, user-friendly platform that allows users to interact with each other and share information.""The new technology is an advanced, user-friendly platform for sharing information between users.

The sentence has been simplified by removing unnecessary words and phrases, while still conveying the same meaning. It is now more concise, making it easier to understand and remember. Additionally, it is now more concise, taking less time to read and comprehend. This makes it a more efficient way to communicate information."
Rewrite the following sentence without changing the meaning.,"Rewrite the following sentence without changing the meaning.The sun shone brightly on the beach.The sun illuminated the beach. 
The cat purred contentedly.The cat was happy. 
The car drove slowly.The car moved slowly. 
The students were excited.The students were thrilled. 
The teacher was angry.The teacher was irate. 
The children laughed.The children laughed with joy. 
The book was interesting.The book was captivating. 
The flowers bloomed.The flowers flourished. 
The children played.The children frolicked. 
The birds sang.The"
What geometric shape has 5 sides and 5 angles?,"What geometric shape has 5 sides and 5 angles?The geometric shape with 5 sides and 5 angles is a pentagon. The internal angles of a pentagon are 108 degrees, 72 degrees, 108 degrees, 72 degrees, and 108 degrees. The exterior angles of a pentagon are 72 degrees, 72 degrees, 108 degrees, 108 degrees, and 72 degrees. The length of the sides of a pentagon can be any number, as long as the sum of the interior angles and the exterior angles add up to 540 degrees. The internal angle"
Rewrite the following sentence so that it is in active voice.,Rewrite the following sentence so that it is in active voice.The employees are working hard.The employees are being worked hard.The employees are working with great effort.The employees are working with great effort.The employees are exerting great effort.The employees are working diligently.The employees are working diligently.The employees are working with diligence.The employees are working with great diligence.The employees are working hard and diligently.The employees are working hard and with great diligence.The employees are working with great dedication.The employees are working with great dedication and effort.The employees are working with great passion.The employees are working with
Compare cats and dogs.,"Compare cats and dogs.Cats and dogs are both popular pets, but they have some key differences. Cats are generally more independent and require less attention than dogs, while dogs require more attention and interaction. Cats are also generally more agile and able to climb, while dogs are typically more energetic and require more exercise. Cats are also more likely to be aloof with their owners, while dogs tend to be more loyal and affectionate. Finally, cats tend to be quieter than dogs, and may be more suitable for people who live in apartments or have limited space. Dogs, on the other hand"
Name one benefit of meditation.,"Name one benefit of meditation.One benefit of meditation is that it can help to reduce stress and anxiety. It can also help to improve focus and concentration, increase self-awareness and self-acceptance, and promote a sense of inner peace. Additionally, it can help to improve physical health by reducing blood pressure and heart rate. It can also help to reduce the symptoms of certain illnesses such as chronic pain, depression, and insomnia. Finally, meditation can help to cultivate a sense of compassion and empathy, which can be beneficial for both personal and professional relationships. 

It"
"Follow the law of supply and demand, describe what would happen to the price of a good if the demand increased.","Follow the law of supply and demand, describe what would happen to the price of a good if the demand increased.The price of a good would increase if the demand increased. This is because the increased demand would cause a shortage of the good, leading to a higher price. This is known as the law of supply and demand, which states that the price of a good is determined by the interaction between the available supply and the desired demand. In this case, the higher demand causes the price to increase.

On the other hand, if the demand for the good decreased, the price would decrease. This is because the decrease in demand would lead to an oversupply of the good, leading to a lower price. This is known"
Analyze the historical significance of the Stonewall Uprising.,Analyze the historical significance of the Stonewall Uprising.The Stonewall Uprising was a pivotal moment in the LGBTQ+ rights movement. It was a series of spontaneous demonstrations that took place in New York City in June 1969. It marked the beginning of a long fight for the rights of LGBTQ+ people and is considered a major turning point in the movement. It was a response to police brutality and discrimination that had been experienced by the LGBTQ+ community. The uprising sparked a wave of protests across the country and paved the way for the modern LGBTQ+
Explain the difference between a personal computer and a server,"Explain the difference between a personal computer and a server.A personal computer is a computer designed for personal use. It is typically a single-user device that is used for tasks such as surfing the internet, sending emails, and running applications. A server, on the other hand, is a multi-user device that is used to store and manage large amounts of data and applications. A server is typically used for tasks such as web hosting, database management, and file sharing. It is designed to be accessed by multiple users simultaneously and is typically connected to multiple computers or devices. In contrast, a personal computer is designed for single-user use and typically has limited capabilities. It is"
Suggest a suitable card game for a birthday party with 10 year old kids.,"Suggest a suitable card game for a birthday party with 10 year old kids.A suitable card game for a birthday party with 10 year old kids is a game of Slapjack. This game is easy to understand and can be played with a standard deck of cards. Players must be quick to slap the card they think is the highest ranking card. The player who slaps the card first gets to keep it, and the player who gets the most cards at the end of the game wins. It's a great game to get everyone involved and laughing. It's also easy to set up and can be played with a small group of people. It's a great way"
Identify the main character in the following story.,"Identify the main character in the following story.The main character in the story is Little Red Riding Hood. She is a young girl who is tasked with delivering food to her sick grandmother in the woods. Along the way, she encounters a wolf who tries to eat her and her grandmother. Eventually, she is able to outsmart the wolf and save her grandmother. She is the protagonist of the story and the main character. 

Other characters include the wolf, Little Red Riding Hood's grandmother, and the woodsman who helps her at the end. These characters"
Calculate the winning percentage for the team in the given statistics.,"Calculate the winning percentage for the team in the given statistics.The winning percentage is 60%. This is calculated by dividing the number of wins by the total number of games played. In this case, the winning percentage is 60% (30 wins) divided by 50 (total number of games played). This is the same as 60% of 50, which is 30. Therefore, the winning percentage for the team is 60%. This is the percentage of games won out of the total number of games played. It represents the team's success rate and is an important metric for evaluating their performance. This metric is useful for"
Describe the benefits of using a GPT model.,"Describe the benefits of using a GPT model.GPT models are a type of AI language model that can generate natural language text. They can be used for a variety of tasks, such as writing articles, creating content, and generating conversations. GPT models are beneficial because they can learn from large datasets, generate high-quality text, and quickly generate text. They are also easy to use and can be fine-tuned to generate text that is tailored to a particular audience. Additionally, GPT models can be used to generate text that is more accurate and natural than traditional language models. GPT models are a powerful tool for creating content and generating conversations"
Compare two types of text processing techniques and explain differences between them.,"Compare two types of text processing techniques and explain differences between them.Text processing techniques are used to extract meaningful information from text data. Two types of text processing techniques are rule-based and machine learning-based. Rule-based techniques are based on predefined rules to extract information, while machine learning-based techniques use algorithms to learn patterns and extract meaningful information. Rule-based techniques are more reliable and predictable, while machine learning-based techniques are more flexible and adaptive. Machine learning-based techniques are also more efficient and can be used to extract more complex information from text data. In general, rule-based techniques are more suitable for structured data, while machine learning-based techniques"
Describe the effects of climate change.,"Describe the effects of climate change.Climate change is a global phenomenon that is affecting the environment, economies, and societies around the world. Rising temperatures are causing melting of polar ice caps, sea level rise, and an increase in extreme weather events such as heatwaves, droughts, and floods. Climate change is also having an impact on food production, as warmer temperatures and changing precipitation patterns are causing reduced crop yields. Climate change is also leading to increased sea-level rise, which is threatening coastal communities and ecosystems. Additionally, climate change is increasing the risk of"
Classify the given sentence as either negative or positive.,"Classify the given sentence as either negative or positive.Negative. The sentence is expressing a negative sentiment towards the idea of people talking about something. It implies that the speaker is not interested in talking about it. 

The sentence is negative because it expresses a negative sentiment. It implies that the speaker does not want to talk about the idea of people talking about something. This is in contrast to the positive sentiment expressed in the sentence, as it implies that the speaker is interested in talking about it. 

Negative sentiment: No interest in talking about it. 

Positive sentiment: Interest in talking about it. 

Negative"
Find the three least common values in the given list.,"Find the three least common values in the given list.2, 3, 6. 1, 4, 5, 8, 9, 10. 3, 7, 8, 9. 3, 5, 7, 10. 2, 5, 9. 1, 4, 6, 10. 2, 4, 8, 9. 1, 3, 6, 7, 8, 10. 2, 3, 6, 9, 10. 3, 5, "
Explain the concept of a GPT language model.,"Explain the concept of a GPT language model.GPT (Generative Pre-trained Transformer) is a type of artificial intelligence language model that uses a neural network to generate natural language text. It is trained on large datasets of text and can generate text in response to prompts, or even generate entire articles or stories. GPT models are used for a variety of tasks such as text summarization, machine translation, and natural language understanding. GPT models are able to generate text that is more natural and realistic than other models. They are also able to generate text that is not just grammatically correct but also semantically correct, meaning that the text is accurate and"
"Generate 10 rhyming words for the word ""love"".","Generate 10 rhyming words for the word ""love"".Kove, dove, glove, love, shove, rove, shove, sieve, move.

I hope this helps! Let me know if you have any other questions.

Regards,
[Your Name]
[Your Email Address]
[Your Phone Number]
[Your Address]
[City, State Zip Code]
[City, State Zip Code]
[City, State Zip Code]
[City, State Zip Code]
[City, State Zip Code]
[City, State Zip Code]
[City, State Z"
Describe the color pink.,"Describe the color pink.Pink is a bright and vibrant color, often associated with warmth, love, and femininity. It can range in intensity from soft pastel shades to bold and intense hues. It can also be used in a variety of different contexts, from fashion to home decor to art. Pink is often associated with a sense of joy and optimism. It can be used to create a sense of playfulness and can also be used to create a sense of warmth and comfort. It is a versatile color that can be used in a variety of different contexts. 

Pink is"
What is the first rule of storytelling?,"What is the first rule of storytelling?The first rule of storytelling is to make sure the story has a clear structure and a compelling plot. The plot should be engaging and easy to follow, with a clear beginning, middle, and end. The characters should also be interesting and relatable, with unique personalities and motivations. Additionally, the story should have a strong sense of tension, conflict, and resolution. Finally, the story should have a satisfying conclusion that wraps up the plot in a meaningful way. All these elements are necessary for a good story. 















"
Generate a list of fashion trends for Spring 2021.,"Generate a list of fashion trends for Spring 2021.1. Bright colors and bold patterns. 
2. Utility-style clothing such as cargo pants and jackets.
3. Statement pieces like oversized hats and oversized sunglasses.
4. Exaggerated sleeves and ruffles.
5. Utilitarian-style clothing with cargo pockets and belted waistlines.
6. Crop tops and low-rise pants.
7. Utility-style shoes such as combat boots and lace-up boots.
8. Statement-making access"
Make a list of different types of cryptocurrencies.,"Make a list of different types of cryptocurrencies.There are many different types of cryptocurrencies, including Bitcoin, Ethereum, Litecoin, Ripple, Monero, Cardano, and many more. Each of these cryptocurrencies has its own unique features and advantages, and they can be used for a variety of purposes such as buying and selling goods and services, making payments, and creating smart contracts. Some of the most popular cryptocurrencies include Bitcoin, Ethereum, and Litecoin, which are widely used for buying and selling goods and services. Other cryptocurrencies"
Derive the mathematical equation for a straight line.,"Derive the mathematical equation for a straight line.The equation of a straight line is y = mx + b, where m is the slope of the line and b is the y-intercept. The slope of the line is the ratio of the change in y to the change in x. For example, if the slope of the line is 2, then for every unit increase in x, the y value increases by 2 units. The y-intercept is the point at which the line crosses the y-axis. For example, if the y-intercept is 2, then the line crosses the y-axis at a point with a y value"
Describe the physical features of a tiger.,"Describe the physical features of a tiger.Tigers are large, powerful cats with a distinctive orange and black stripes. They have a long, pointed snout, sharp teeth, and a thick, shaggy mane. Their fur is usually short and thick, with the fur on their backs and sides being longer. Their eyes are yellow and their ears are small and pointed. They are typically 2 to 3 meters in length and weigh between 150 and 250 kilograms. They are agile and can climb trees and run at speeds of up to 100 kilometers per hour. They"
Construct plumbing diagrams for a two-story house,"Construct plumbing diagrams for a two-story house.A two-story house has two levels of plumbing. The lower level includes the basement, and the upper level includes the first floor. The basement has two bathrooms, two bedrooms, a living room, and a laundry room. The first floor has three bedrooms, a living room, a dining room, and a kitchen. The plumbing diagram for the basement includes the main drain line, the hot water heater, the water heater supply line, and the water heater discharge line. The plumbing diagram for the first floor includes the kitchen sink, the"
Summarize the industrial revolution.,"Summarize the industrial revolution.The Industrial Revolution was a period of rapid technological and economic growth that began in Britain in the late 18th century and spread throughout Europe and North America. It was characterized by the introduction of new manufacturing technologies, such as the steam engine, which allowed for mass production and made goods more accessible and affordable. This led to a massive increase in population, urbanization, and economic growth, as well as a shift in power from the landed elite to the capitalist class. It had a profound impact on society, leading to the development of new industries and the growth of cities. It also"
Give an example of a place where an endangered species of animal might be found.,"Give an example of a place where an endangered species of animal might be found.An example of a place where the endangered species of the African Wild Dogs (Lycaon pictus) might be found is in the Kruger National Park in South Africa. This park is home to the largest population of African Wild Dogs in the world. It is a protected area, and conservation efforts are in place to help ensure the survival of this species. Other areas where African Wild Dogs can be found include the Serengeti National Park in Tanzania, the Okavango Delta in Botswana, and the Ngorongoro Conservation Area in Tanzania."
Identify a potential security threat for a global online financial system.,"Identify a potential security threat for a global online financial system.A potential security threat for a global online financial system is cybercrime. Cybercrime can include activities such as identity theft, money laundering, and phishing. Additionally, a global online financial system could be vulnerable to hacking and malware attacks. To protect against these threats, the system must have robust security measures in place such as encryption, firewalls, and two-factor authentication. Additionally, the system should have adequate monitoring and incident response procedures to detect and respond to any potential threats. Finally, the system should have adequate disaster recovery procedures to ensure that data"
Generate three different ways to greet the user.,"Generate three different ways to greet the user.Hello!
Good morning!
Good afternoon!
Good evening!

Hello! - Greeting the user with a friendly ""hello""
Good morning! - Wishing the user a great day
Good afternoon! - Wishing the user a great afternoon
Good evening! - Wishing the user a great evening

Hello! - Greeting the user with a friendly ""hello""
Good morning! - Wishing the user a great day
Good afternoon! - Wishing the user a great afternoon
Good evening! - Wishing the user a great evening

Hello! - Greeting the user with a friendly"
Name five societal advantages of the internet.,"Name five societal advantages of the internet.1. Increased access to information. 
2. Improved communication and collaboration. 
3. Increased access to educational resources. 
4. Improved healthcare access. 
5. Increased access to job opportunities. 
6. Greater access to cultural and artistic resources. 
7. Improved access to financial services. 
8. Improved access to entertainment. 
9. Increased access to government services. 
10. Increased access to social services. 
11. Improved access"
Create a listicle using the given data.,"Create a listicle using the given data.1. A great way to stay healthy is to eat a balanced diet.
2. Eating a balanced diet can help you stay healthy and strong.
3. Eating a balanced diet can help you maintain a healthy weight.
4. A great way to stay healthy is to eat a balanced diet that includes a variety of fruits and vegetables.
5. Eating a balanced diet can help you feel more energized and alert.
6. A balanced diet can help you maintain a healthy digestive system.
7."
Answer this math problem.,Answer this math problem.25 x 2 = 50.00. No fractions. No decimals. No negative numbers. No exponents. No roots. No imaginary numbers. No irrational numbers. No square roots. No cube roots. No exponential functions. No logarithms. No trigonometry. No geometry. No calculus. No linear algebra. No probability. No combinatorics. No geometry. No calculus. No linear algebra. No probability. No combinatorics. No trigonometry. No calculus. No linear algebra. No probability. No combinatorics. No trigonometry. No
Provide 3 practice questions for multiplication,"Provide 3 practice questions for multiplication.1. What is 4 x 8?
2. What is 6 x 4?
3. What is 9 x 3?
4. What is 7 x 5?
5. What is 10 x 4?
6. What is 9 x 7?
7. What is 4 x 9?
8. What is 8 x 6?
9. What is 5 x 8?
10. What is 3 x 9?
11. What is 6 x 8?
12."
Edit the following sentence to eliminate any grammar errors: They tried to fix the car all day.,"Edit the following sentence to eliminate any grammar errors: They tried to fix the car all day.They tried to fix the car all day. The sentence should be in the present tense. The verb ""tried"" should be in the third person singular (they) and the verb ""fix"" should be in the past tense. The word ""all day"" should be in the singular form. The sentence should read: They tried to fix the car all day."
Describe the 1981 NBA MVP award ceremony,"Describe the 1981 NBA MVP award ceremony.The 1981 NBA MVP award ceremony was held on April 19th at the Los Angeles Sports Arena. The event was attended by the league's 23 players, along with their families, friends, and the media. The ceremony was hosted by Bill Russell, and the award was presented by NBA Commissioner David Stern. Wilt Chamberlain was the first player to ever win the MVP award unanimously, and he was given a standing ovation by the crowd. The award was then given to the other three players, Kareem Abdul-Jabbar, Magic Johnson, and"
"In 50 words or less, describe the type of atmosphere a modern basketball game","In 50 words or less, describe the type of atmosphere a modern basketball game creates.A modern basketball game creates an intense atmosphere of competition and excitement, with players and fans alike cheering and chanting for their team. The air is thick with anticipation and tension, as each player strives for victory. The energy is palpable and the crowd is captivated by the action on the court. It is a thrilling experience that is sure to leave a lasting impression."
Generate 2 sentence of a conversation that takes place between the manager and the customer.,"Generate 2 sentence of a conversation that takes place between the manager and the customer.Customer: Hi, I'm interested in purchasing a new laptop. 
Manager: Sure, we have a wide range of laptops to choose from. What kind of laptop are you looking for? 
Customer: I'm looking for something that has a good processor, plenty of storage, and a long battery life. 
Manager: We have several options that fit that criteria. What's your budget? 
Customer: My budget is around $800. 
Manager: We have several laptops in that range, let me show you some of the options we have. 
"
Categorize the following items as either furniture or kitchen items.,"Categorize the following items as either furniture or kitchen items.Furniture: Sofa, Bed, Table
Kitchen items: Coffee maker, Toaster, Blender."
State the conclusion based on the passage.,"State the conclusion based on the passage.The use of digital technology has revolutionized the way we live, work and communicate. It has enabled us to access and share information faster and more efficiently, making life easier, more connected and more fun. Technology has also opened up new possibilities for businesses, allowing them to reach a wider audience, expand their reach and improve their customer service. As a result, technology has changed the world and has helped us to be more productive, efficient and creative. Technology has also helped us to connect with each other and stay up to date with the latest trends. In summary, technology has had a profound impact on our lives and"
Create a list of three tips for public speaking.,"Create a list of three tips for public speaking.1. Practice your speech beforehand to become comfortable with the material. 
2. Use confident body language and make eye contact with the audience.
3. Take deep breaths and try to relax while speaking. It can help to slow down your heart rate and reduce anxiety.
4. Prepare a few questions that can be answered by the audience.
5. Use humor to engage the audience and lighten the mood.
6. Make sure you have a good understanding of your topic and the audience.
7. Use visuals to help explain points and illustrate your message.
8."
Generate a metaphor that describes the situation.,"Generate a metaphor that describes the situation.The situation is like a stormy night with strong winds and heavy rain. It is unpredictable and uncontrollable, but with the right preparation, it can be navigated safely. The situation is similar to a storm that is powerful but manageable, with the right tools and resources, it can be conquered. The situation is also like a wave that rises and falls, it is constantly changing and it can be difficult to keep up with its movements. However, with the right knowledge and preparation, it can be mastered. The situation is also like a fire that can be controlled and used to your"
Construct a concise summary of the following article.,"Construct a concise summary of the following article.The article discusses how the COVID-19 pandemic has had a profound impact on the global economy. It has led to a sharp decline in consumer spending, a decrease in economic activity, and a rise in unemployment. The article also highlights how the pandemic has accelerated the growth of digital platforms, as consumers and businesses increasingly rely on technology to stay connected and transact. The article concludes by noting that the pandemic has had a lasting effect on the global economy, and will likely continue to shape the global economy for years to come. It also highlights the importance"
"Classify each sentence as either declarative, interrogative, imperative, or exclamatory.","Classify each sentence as either declarative, interrogative, imperative, or exclamatory.Declarative, Imperative, Exclamatory. 
Interrogative: What is your name? 
Imperative: Listen carefully! 
Exclamatory: Wow! That's amazing! 
Declarative: My name is John. 
Interrogative: What is your name? 
Imperative: Listen carefully! 
Exclamatory: Wow! That's amazing! 
Declarative: My name is John. 
Interrogative: What is your name? 
Imperative: Listen carefully! 
"
Classify this sentence as either a declarative or interrogative,Classify this sentence as either a declarative or interrogative sentence.Interrogative sentence. The sentence is asking a question.
"Explain the term ""impeachment""","Explain the term ""impeachment""Impeachment is the process of removing a public official from their position of power. It is a constitutional procedure, which is outlined in the United States Constitution. Impeachment is typically used to remove a president, vice president, or other high-ranking officials. The process begins in the House of Representatives, where a simple majority vote is needed to approve impeachment. If the House approves, the case is then sent to the Senate for a trial, where the official is then tried for the impeachment charges. If the Senate votes to convict the official, they are removed from their position. If"
Generate a list of items related to the topic given.,"Generate a list of items related to the topic given.A list of items related to the topic of ""food"" includes:
- Fruits
- Vegetables
- Meat
- Dairy
- Bread
- Grains
- Pasta
- Legumes
- Nuts
- Seeds
- Oils
- Condiments
- Spices
- Herbs
- Flavorings
- Canned goods
- Dried goods
- Frozen goods
- Ready-to-eat foods
- Processed foods
- Fresh produce
- Canned produce
- Frozen produce
-"
Structures the following instructions into a step by step guide.,"Structures the following instructions into a step by step guide.1. Gather materials for the project.
2. Plan the project.
3. Build the base of the project.
4. Add the main components.
5. Add additional components.
6. Install the components.
7. Finish the project.
8. Test the project.
9. Make adjustments.
10. Finalize the project.
11. Clean up the area.
12. Document the project.
13. Enjoy the project.
14. Celebrate the success.
15. Share the experience.
1"
Identify a tool that can be used to calculate risk.,"Identify a tool that can be used to calculate risk.A tool that can be used to calculate risk is a Monte Carlo simulation. This is a statistical method that uses random sampling to estimate the probability of an event occurring. It can be used to assess the risk of a particular decision or project. For example, a Monte Carlo simulation can be used to determine the likelihood of a project meeting its budget or timeline. By running multiple scenarios with different variables, the simulation can help to identify the most likely outcomes and the associated risks. This can help to inform decisions and provide a better understanding of the potential risks associated with a particular project."
Write a function to convert Fahrenheit to Celsius,"Write a function to convert Fahrenheit to Celsius.def fahrenheit_to_celsius(fahrenheit):
    return (fahrenheit - 32) * (5 / 9)

# test the function
print(fahrenheit_to_celsius(75))  # 23.95
print(fahrenheit_to_celsius(212))  # 100
print(fahrenheit_to_celsius(-173.15))  # -56.78
print(fahrenheit_to_celsius(0))  # "
Summarize the given paragraph in two sentences.,"Summarize the given paragraph in two sentences.This new technology will revolutionize the way we interact with computers, enabling us to access a virtual world where we can live and work. This virtual world will be filled with intelligent and interactive objects, allowing us to communicate and interact with them in a way that is natural and intuitive. It will also provide a new level of freedom, allowing us to explore and create in a way that was previously impossible. With this technology, we will be able to create a more efficient and more powerful computing experience. With this technology, we will be able to access a world that was previously unreachable. We will be able to live"
Calculate the surface area of a cube from the given side length.,"Calculate the surface area of a cube from the given side length.The surface area of the cube is 64 square units. The volume of the cube is 64 cubic units. The formula to calculate the surface area of a cube is: surface area = 6s2, where s is the length of one side. The formula to calculate the volume of a cube is: volume = 6s3, where s is the length of one side. The length of one side of the cube is 6 units. Therefore, the surface area of the cube is 64 square units and the volume of the cube is 64 cubic units. The formula to calculate the"
Describe a situation where a chatbot would be more useful than a human assistant.,"Describe a situation where a chatbot would be more useful than a human assistant.A chatbot would be more useful than a human assistant in situations where a high level of accuracy and consistency is required. For example, when dealing with complex financial transactions, a chatbot would be able to accurately process and interpret data, while a human assistant would need to take time to understand the context and provide the appropriate response. A chatbot would also be more efficient in customer service as it could answer customer queries quickly and accurately without needing to spend time understanding the customer's needs. Additionally, a chatbot could provide more personalized and tailored advice than a human assistant, as it could learn from user interactions"
Suggest how to improve the execution of a program given the demo results.,"Suggest how to improve the execution of a program given the demo results.To improve the execution of the program, the developer should focus on optimizing the code to reduce computational complexity and reduce the memory usage. This could involve using more efficient algorithms and data structures, reducing the number of loops and iterations, and reducing the number of variables used. Additionally, the developer should also focus on debugging the code to ensure that it is running correctly. This can involve testing the code with different inputs and verifying that the program is returning the expected results. Finally, the developer should also consider optimizing the code to reduce the time taken to execute. This could involve reducing the number of operations performed and optimizing the data structures"
"Create a grammar for the phrase ""a milkshake"".","Create a grammar for the phrase ""a milkshake"".The grammar for the phrase ""a milkshake"" is:

Verb: drink
Subject: milkshake
Object: a

The verb ""drink"" is the action of the sentence, and it is the subject of the sentence. The object ""a milkshake"" is the noun that the verb is acting on. The article ""a"" is used to indicate that the noun is being referred to as a specific thing. The word ""milkshake"" is the noun that is being referred to. The verb ""drink"" is the verb that is being used to describe the"
Compose a tagline for a mobile game about cooking.,"Compose a tagline for a mobile game about cooking. Cooking Up a Storm - Make the Most Delicious Meals with Our Mobile Game!

The tagline emphasizes the fun and creative aspects of the mobile game. The phrase ""cooking up a storm"" suggests that the game is exciting and challenging, while ""make the most delicious meals"" implies that the game is rewarding and enjoyable. It conveys that the game is an exciting way to spend time and enjoy the process of cooking. The tagline also implies that the game offers a variety of dishes and recipes to explore. This tagline is sure to entice"
Describe the process of thawing frozen food.,"Describe the process of thawing frozen food.Thawing frozen food involves allowing the food to slowly come to room temperature. This process can take several hours depending on the type of food and its size. To speed up the process, the food can be placed in the refrigerator or in a warm water bath. The food should be stirred occasionally to prevent it from forming ice crystals. Once the food is thawed, it should be cooked immediately to prevent bacterial growth. It's important to note that thawed food should never be refrozen, as it will lose its flavor and texture. Instead, it should be"
Generate a recipe for a healthy breakfast.,"Generate a recipe for a healthy breakfast.Overnight Oats:
- 1 cup rolled oats
- 2 cups water
- 1/4 cup chia seeds
- 1/4 cup unsweetened almond milk
- 1/4 cup fresh berries
- 1 tablespoon honey or maple syrup

Combine oats, water, and chia seeds in a bowl. Cover and let sit in the refrigerator overnight. In the morning, add in the almond milk and fresh berries and mix well. Add the honey or maple sy"
Explain the effect that virtual learning has on student performance.,"Explain the effect that virtual learning has on student performance.Virtual learning can have a positive effect on student performance as it allows students to learn at their own pace and in a more comfortable environment. It also allows students to access educational content on demand, which can help to reduce learning gaps and improve overall learning outcomes. Virtual learning also allows students to access a wider range of educational resources and to interact with other students and teachers more easily. Additionally, virtual learning can be more cost-effective than traditional classroom learning, as there is no need to travel to a physical location. All these factors can lead to improved student performance. 

Virtual learning also has its own set of challeng"
How do you create a pivot table in Excel?,"How do you create a pivot table in Excel?To create a pivot table in Excel, select the data you want to include in the table, then go to the ""Insert"" tab and select ""Pivot Table"". Then, choose the column you want to be the pivot table and the column you want to display. Then, you can adjust the settings and add any additional fields to the pivot table. Finally, you can click on ""OK"" to create the pivot table. The pivot table will be created and you can use it to analyze the data. You can also add additional tables to the pivot table if needed. When finished, you can save and share the pivot table with others"
Synthesize an argument in support of renewable energy sources.,"Synthesize an argument in support of renewable energy sources.Renewable energy sources such as solar and wind power are the future of energy production, as they provide a sustainable source of energy that is not limited to a finite resource. Renewable energy sources are also more cost-effective than traditional energy sources, as they require minimal maintenance and can be produced without the need for expensive infrastructure. In addition, renewable energy sources are often less polluting than traditional energy sources, as they produce no air or water pollution. Furthermore, renewable energy sources can help reduce our reliance on foreign energy sources, making our country more energy independent. In conclusion, renewable"
Find the area of a square shape with side length 5 cm.,"Find the area of a square shape with side length 5 cm.The area of a square shape with side length 5 cm is 25 cm2. This is calculated by multiplying the side length by itself, resulting in 25 cm2. This is the area of the square shape. 

Answer: 25 cm2.

Explanation:
The area of a square shape can be calculated by multiplying the side length by itself. In this case, the side length is 5 cm, resulting in a total area of 25 cm2. 

Note: Area is the measure of the amount of space inside a shape. It is"
Create a grocery list for a week's worth of meals.,"Create a grocery list for a week's worth of meals.A week's worth of groceries for 3 people could include:
- Bread
- Butter
- Eggs
- Milk
- Cheese
- Fresh vegetables
- Fresh fruits
- Meat (chicken, beef, pork, lamb, fish)
- Pasta
- Rice
- Oats
- Flour
- Cereal
- Baking supplies (sugar, baking powder, baking soda)
- Spices (salt, pepper, oregano, basil, th"
Explain what is foreshadowing.,"Explain what is foreshadowing.Foreshadowing is a literary device in which an author hints at events that will occur later in the story. It can be done through the use of a character's thoughts, words, actions, or even the setting. It is often used to create suspense or anticipation in a story. For example, if a character says something like ""I have a feeling that something bad is going to happen,"" the reader may assume that something ominous is about to occur. Foreshadowing can also be used to create an atmosphere of danger or mystery. For example, if a character is walking through a dark forest,"
Construct a database system to store customer records in a car dealership.,"Construct a database system to store customer records in a car dealership.A database system to store customer records in a car dealership should have the following components:

1. A user authentication system to secure access to the database.
2. A user-friendly interface to allow users to input customer data.
3. A data storage system to store customer information such as name, contact information, vehicle purchase history, etc.
4. A data retrieval system to allow users to search for customer data.
5. A data security system to protect the customer data from unauthorized access.
6. A data backup system to ensure the data is securely backed up."
"Given the following sentence, show me how to transform it into a haiku.","Given the following sentence, show me how to transform it into a haiku.Through the night,
Stars shine bright in the sky,
A celestial show."
Provide a description of the possible benefits of going car-less to a potential customer.,"Provide a description of the possible benefits of going car-less to a potential customer.Going car-less can have a number of benefits. Firstly, it can save you money on fuel, maintenance, and insurance costs. Additionally, it can reduce the amount of air pollution and traffic congestion in cities. It can also promote physical activity and reduce stress levels, as you can walk, bike, or use public transportation to get around. Finally, going car-less can help to reduce greenhouse gas emissions, which can help to combat climate change. Overall, going car-less can be a great way to reduce your environmental impact and improve your quality of life. #carless"
Classify the following online review as being positive or negative.,"Classify the following online review as being positive or negative.Positive. The reviewer enjoyed the experience of shopping at the store. They mentioned that they were impressed by the customer service and the quality of the products. This review is considered positive. 

Negative. The reviewer had a negative experience at the store, mentioning that the customer service was not helpful and the quality of the products was not good. This review is considered negative. 

Neutral. The reviewer was neither impressed nor disappointed by their experience at the store. This review is considered neutral. 

Neutral. The reviewer was neither impressed nor"
Generate 3 blog topic ideas based on the keyword “web automation”,"Generate 3 blog topic ideas based on the keyword “web automation”1. Top 3 Tools for Web Automation
2. The Benefits of Automating Web Tasks
3. Best Practices for Web Automation. #webautomation #automation #webdevelopment #webdesign #programming #coding #tech #devops #webtech #automation #tech #web #webautomation #web #web #webautomation #web #web #webautomation #web #web #webautomation #web #web #webautomation #web #web #webautomation #web #web #webautomation #web #web #webautomation #"
"Edit this passage to make it more concise:

During the spring season, the temperature tends to be very pleasant, making it a great time of year to go outdoors.","Edit this passage to make it more concise:

During the spring season, the temperature tends to be very pleasant, making it a great time of year to go outdoors. The flowers are in bloom, and the birds are singing their sweet melodies. The air is filled with the sweet aroma of blooming flowers, and the sun is shining brightly. The days are long and the nights are warm, making it an ideal time to enjoy the outdoors.It is a great time of year to enjoy the outdoors. The temperature is pleasant, the flowers are in bloom, the birds are singing, and the air is filled with the sweet aroma of blooming flowers. The days are long and the nights are warm, making it an ideal time"
"Reverse engineer the following code snippet and explain what is happening in 4 sentences.

var x = 3
var y = x + 4","Reverse engineer the following code snippet and explain what is happening in 4 sentences.

var x = 3
var y = x + 4
var z = y - 10
print(z)print(y)print(x)print(z)print(y)print(x)print(z)print(y)print(x)print(z)print(y)print(x)print(z)print(y)print(x)print(z)print(y)print(x)print(z)print(y)print(x)print(z)print(y)print(x)print(z)print(y)print(x)print(z)print(y)print("
Prepare a meal plan for tomorrow for someone who wants to eat healthy and has a limited budget,"Prepare a meal plan for tomorrow for someone who wants to eat healthy and has a limited budget.For tomorrow, you can make a healthy meal plan that is budget-friendly. Here is a sample meal plan:

Breakfast: Oatmeal with fresh fruit and a tablespoon of almond butter 
Lunch: Quinoa salad with chicken, tomatoes, cucumbers, and a homemade vinaigrette 
Dinner: Vegetable stir-fry with tofu, brown rice, and a drizzle of soy sauce 

This meal plan is healthy, delicious, and"
Generate a 10 word list of descriptive words for loneliness.,"Generate a 10 word list of descriptive words for loneliness.Loneliness: isolation, emptiness, desolation, solitude, alienation, disconnection, desolation, sadness, melancholy, disconnection.

Descriptive words for loneliness can include feelings of isolation and emptiness, a sense of disconnection from others, and a feeling of being alone and disconnected from the world. Loneliness can also be accompanied by sadness and melancholy, and can be accompanied by feelings of alienation and disconnection. In addition, loneliness can be accompanied by a feeling of desolation, and can sometimes be"
"In this task, you need to identify the source of the sentence from the choices below.

Output should be chosen from:
- Newspaper
- Textbook
- Online article
- Encyclopedia","In this task, you need to identify the source of the sentence from the choices below.

Output should be chosen from:
- Newspaper
- Textbook
- Online article
- EncyclopediaThe source of the sentence is: Online article. 
The sentence is a statement of fact about the number of people in the world. It is not a statement of opinion or a statement of fact that is open to interpretation. It is a statement of fact that is supported by evidence. Therefore, it is not a sentence that can be found in a textbook or newspaper. It is a statement of fact that can be found in an online article. Therefore, the source of the sentence is: Online article."
"Identify the subject of the sentence.
Output should be a single word.","Identify the subject of the sentence.
Output should be a single word.Dog.
Output should be a single word.Cat.
Output should be a single word.House.
Output should be a single word.Fruit.
Output should be a single word.Sun.
Output should be a single word.Nation.
Output should be a single word.Cow.
Output should be a single word.Turtle.
Output should be a single word.Bird.
Output should be a single word.Flower.
Output should be a single word.Girl.
Output should be a single word.Pet.
Output should be"
"Compare and contrast the two religions, Christianity and Islam.","Compare and contrast the two religions, Christianity and Islam.The two religions, Christianity and Islam, have many similarities but also have some key differences. Both religions believe in the existence of God and are based on the belief that God created the universe. Christianity focuses on the life and teachings of Jesus Christ, while Islam is based on the teachings of the Prophet Muhammad. Christianity emphasizes the importance of the Bible, while Islam emphasizes the importance of the Quran. Christianity has a strong emphasis on individual salvation, while Islam emphasizes the importance of community and social justice. Christianity focuses on the concept of sin and re"
Alter the content of the sentence to use the past tense.,"Alter the content of the sentence to use the past tense.She ate a sandwich. 

She ate a sandwich yesterday. 

She ate a sandwich last week. 

She ate a sandwich last month. 

She ate a sandwich last year. 

She ate a sandwich several years ago. 

She ate a sandwich a long time ago. 

She ate a sandwich a few years ago. 

She ate a sandwich some years ago. 

She ate a sandwich a few years ago. 

She ate"
Describe how plants look like in the winter.,"Describe how plants look like in the winter.Plants in the winter look different from those in the summer. They are often bare and cold, with leaves and flowers having fallen off. The stems and branches may be bare and twisted, with a few hardy evergreens still holding on. Some plants have a snowy look, such as birch and pine trees, while others have a more dormant look, like ferns and mosses. All in all, the winter landscape is quiet and still, with a serene beauty of its own. 

Plants in the winter also have a different aroma than in the summer"
Arrange the following words to make a meaningful sentence: selling do investors to advice trust.,"Arrange the following words to make a meaningful sentence: selling do investors to advice trust.Investors should always seek the advice of trustworthy professionals when selling. This helps ensure that they are not taken advantage of and that their interests are protected. It is important to be informed and to have faith in the advice of the experts. By doing this, they can make the best decisions and avoid costly mistakes. This way, they can secure a better financial future. Investors should always be sure to take the time to seek advice from trustworthy professionals before making any important financial decisions. This will help them make the best decisions for their future and ensure that they are not taken"
Find the definition of the following financial term,"Find the definition of the following financial term.The term ""Leverage"" in finance refers to the use of borrowed money to increase the potential return of an investment. It involves borrowing money in order to increase the amount of capital available for investment, which can result in greater profits. Leverage can be used in a variety of ways, including to buy stocks, bonds, or other securities, or to buy real estate. It is important to understand the risks associated with leverage, as it can amplify both gains and losses. Investors should carefully consider the potential risks and rewards before deciding to"
List 3 historical events related to the following country,"List 3 historical events related to the following country.1. The Battle of Little Bighorn (1876)
2. The Lewis and Clark Expedition (1804-1806)
3. The American Indian Wars (1850-1898) 
4. The Trail of Tears (1838-1842) 
5. The Alaska Purchase (1867) 
6. The Spanish-American War (1898) 
7. The Oklahoma Land Run (1893) 
8. The Louisiana Purchase"
Generate a question from the following sentence,"Generate a question from the following sentence.What type of plant is it?
What is the best way to care for it?
What does it need in order to survive?
What is the ideal temperature range for it?
What type of soil is best for it?
What is the best way to water it?
What type of fertilizer should I use?
What is the best way to prune it?
What type of pests can it be susceptible to?
What type of diseases can it be susceptible to?
What type of nutrients should I add to the soil?
What is the"
Pick the best synonym for the given word,"Pick the best synonym for the given word.Innovative.

Innovative is the best synonym for the word ""creative"". Other synonyms for creative include imaginative, original, and innovative. Other words that can be used to describe creative include inventive, resourceful, and imaginative. Other synonyms for innovative include creative, original, and imaginative. Innovative is the best synonym for creative because it most accurately conveys the idea of being able to generate new ideas or products. Innovative is the most suitable synonym for creative because it conveys"
Convert the given number from base 10 to base 16.,"Convert the given number from base 10 to base 16.48. This is the same as 0x30. In base 16, the number 48 is represented as 0x30. In other words, 48 in base 10 is equivalent to 0x30 in base 16. The two numbers are equal in value. Therefore, 48 is equivalent to 0x30 in base 16."
Categorize the given text.,"Categorize the given text.The given text is a poem. It is written in the form of a metaphor and is describing a river. It is expressing the idea of a river flowing through the mountains and valleys, as if it is a river of life. It is a poetic metaphor to describe the river of life, and it is meant to evoke a sense of peacefulness and tranquility. It is a poetic expression of the beauty of nature. It is a poem that expresses the idea of life flowing through the mountains and valleys, and the beauty of nature. It is a poetic met"
Change the verb in the sentence to reflect third-person singular,"Change the verb in the sentence to reflect third-person singular present tense.He is running.
She is running.
They are running.
It is running.
We are running.
You are running.
He is running.
She is running.
They are running.
It is running.
We are running.
You are running.
He is running.
She is running.
They are running.
It is running.
We are running.
You are running.
He is running.
She is running.
They are running.
It is running.
We are running.
You are running.
He is running."
Evaluate the following document for content accuracy.,"Evaluate the following document for content accuracy.The document is accurate. It provides an overview of the different types of plants that can be grown in a greenhouse, including vegetables, fruits, herbs, and flowers. It also provides tips for growing plants in a greenhouse, such as using natural light and keeping the temperature at the right level. It also mentions the benefits of using a greenhouse, such as providing a safe environment for plants and reducing the amount of space needed. The document provides a good overview of the topic and provides helpful tips for the reader. Therefore, the document is accurate. 

Rating: 9/10."
Identify what type of movie the given description belongs to.,"Identify what type of movie the given description belongs to.The movie belongs to the genre of Science Fiction. It is a story set in the future where robots are used to perform tasks and the protagonist is tasked with finding out how they are programmed. The movie is set in a dystopian world and explores themes of technology, artificial intelligence, and humanity. It is an action movie with a lot of suspense and tension. It is a classic science fiction movie with a twist. It is a thrilling and thought-provoking movie with lots of surprises. It is a must-watch for fans of the genre. It is an"
What are some common causes of car accidents?,"What are some common causes of car accidents?Some common causes of car accidents include distracted driving, speeding, drunk driving, running red lights, and improper lane changes. Other factors such as weather conditions, road conditions, and vehicle maintenance can also play a role. Additionally, driver fatigue, road rage, and improper use of safety features such as seatbelts and airbags can also lead to accidents. Finally, some accidents are caused by driver error, such as failing to yield, failing to check blind spots, and not yielding to pedestrians. All of these factors can contribute to car accidents and"
How can the use of predictive analytics benefit a business?,"How can the use of predictive analytics benefit a business?Predictive analytics can benefit a business by providing insights into customer behavior, allowing for more effective marketing strategies, and helping to identify potential risks or opportunities. Predictive analytics can also help businesses to make better decisions by providing accurate predictions of future trends, allowing them to stay ahead of the competition. Additionally, predictive analytics can help businesses to identify areas of inefficiency, allowing them to make cost savings and improve customer satisfaction. Finally, predictive analytics can help businesses to identify potential areas of growth, allowing them to capitalize on opportunities and increase"
"Identify the hypernym for the word ""dairy"".","Identify the hypernym for the word ""dairy"".The hypernym for the word ""dairy"" is ""food"". This is because dairy is a type of food. Dairy includes milk, cheese, yogurt, and other dairy products. Other foods include fruits, vegetables, grains, meats, and sweets. The hypernym for dairy is therefore ""food"". This is the highest level of classification for dairy, as it is a type of food. Other hypernyms for dairy include ""foods"", ""drinks"", and ""beverages"".

In summary, dairy is a type"
Analyze the pros and cons of online shopping.,"Analyze the pros and cons of online shopping.Pros: Online shopping offers a convenient and time-saving way to purchase goods without having to physically go to a store. It allows for a greater variety of products, and allows customers to compare prices quickly and easily. Additionally, online shopping provides a secure payment system, allowing customers to make purchases with confidence.

Cons: Online shopping can be slower than in-store shopping, and customers may need to wait for their items to be delivered. Additionally, customers may not have the same level of customer service as they would in-store. Furthermore, it can be difficult to accurately assess the quality"
Generate a list of tips for someone who is learning a new language.,"Generate a list of tips for someone who is learning a new language.1. Start with the basics, such as learning the alphabet and basic words.
2. Practice regularly to build up your vocabulary and improve your pronunciation.
3. Listen to native speakers to get a better understanding of the language.
4. Use flashcards and other memory aids to help you remember words and phrases.
5. Watch TV shows or movies in the language you are learning to practice listening.
6. Take advantage of online resources, such as language learning apps and websites.
7. Read books and articles in the language you are learning to improve your"
Generate an example of a symbol widely used in the field of mathematics.,"Generate an example of a symbol widely used in the field of mathematics.The Greek letter pi (π) is a widely used symbol in mathematics, particularly in geometry and trigonometry. It represents the ratio of a circle's circumference to its diameter. It is an irrational number, meaning it cannot be expressed as a finite decimal or fraction. It is used to calculate areas, circumferences, and volumes of various shapes, and is also used in trigonometry to calculate the values of angles and sides of triangles. It is often used to represent the ratio of a circle's circumference to its diameter. It is also used in calculus to define limits and integrals. Pi is"
Change the given sentence into a passive voice.,"Change the given sentence into a passive voice.The book was read by her.

She read the book.

The book was read.

She was reading the book.

The book was being read.

The book was read by her.

The book was read by her.

She read the book.

The book was read by her.

She read the book.

The book was read by her.

She read the book.

The book was read by her.

She read the book.

The book was read by her.

She read the book.

"
Give five examples of an extreme weather condition.,"Give five examples of an extreme weather condition.Five examples of extreme weather conditions are: hurricanes, blizzards, heatwaves, droughts, and floods. Hurricanes are large tropical cyclones that can bring strong winds, heavy rainfall, and high waves. Blizzards are intense snowstorms that can cause widespread damage. Heatwaves are periods of unusually hot temperatures that can cause health problems and damage crops. Droughts are periods of prolonged dry weather that can cause severe water shortages and damage crops. Floods are periods of heavy rainfall that"
List six materials used to construct an umbrella.,"List six materials used to construct an umbrella.1. Fabric or vinyl for the canopy
2. Wood or metal for the frame
3. Plastic for the ribs
4. Steel or aluminum for the metal frame
5. Rubber for the handle
6. Velcro or snaps for the closure.

1. Fabric or vinyl for the canopy
2. Wood or metal for the frame
3. Plastic for the ribs
4. Steel or aluminum for the metal frame
5. Rubber for the handle
6. Velcro or snaps for the closure.
1"
Transform the following sentence into one using a different verb.,"Transform the following sentence into one using a different verb.The cat ran around the house.The cat ran throughout the house.

The cat galloped around the house.The cat galloped throughout the house.

The cat scampered around the house.The cat scampered throughout the house.

The cat darted around the house.The cat darted throughout the house.

The cat leaped around the house.The cat leaped throughout the house.

The cat bounded around the house.The cat bounded throughout the house.

The cat sprinted around the house.The cat sprinted throughout the house."
Write a headline for the following news story.,"Write a headline for the following news story.The Amazon Rainforest is at Risk of Becoming a Barren Wasteland Due to Climate Change.

The Amazon Rainforest is in danger of becoming a barren wasteland due to climate change, according to a new report from the Intergovernmental Panel on Climate Change (IPCC). The report found that climate change could lead to a 50% loss of the rainforest by 2050, leading to a loss of biodiversity and ecosystems, and increased levels of greenhouse gases in the atmosphere. This could have devastating"
What is the most efficient approach to reducing carbon emissions?,"What is the most efficient approach to reducing carbon emissions?The most efficient approach to reducing carbon emissions is to reduce the amount of energy we use, and switch to renewable energy sources such as solar, wind, and geothermal. Renewable energy is more efficient and environmentally friendly than traditional sources of energy, such as coal and natural gas. Additionally, implementing energy efficiency measures such as insulation, energy-efficient appliances, and energy-efficient lighting can also help reduce energy consumption. Furthermore, investing in technologies such as carbon capture and storage can help reduce emissions from industrial sources. Finally, reducing emissions from transportation by using electric vehicles and"
Evaluate the following phrase by transforming it into the spelling given.,"Evaluate the following phrase by transforming it into the spelling given.The spelling of ""happy"" is ""joyful"". The phrase ""I am happy"" is ""I am joyful"". This phrase expresses contentment and joy. It is often used to express a positive outlook on life. The word ""joyful"" implies a feeling of pleasure, satisfaction, or happiness. It is often used to describe an emotional state of being, and is often associated with a feeling of happiness. This phrase can be used to express a feeling of joy and contentment. It is a common phrase that expresses a positive outlook on life. This phrase can be used to express"
What are the effects of long-term exposure to air pollution?,"What are the effects of long-term exposure to air pollution?Long-term exposure to air pollution can have serious health effects, including respiratory problems, cardiovascular disease, and even cancer. It can also lead to cognitive impairment, decreased lung function, and increased risk of premature death. Additionally, air pollution can cause eye irritation, headaches, and fatigue. It can also affect the environment and wildlife by reducing the amount of oxygen in the air and reducing the quality of soil and water. Furthermore, air pollution can reduce crop yields and damage crops, leading to economic losses for farmers. Finally,"
Provide a solution to reduce emissions from transportation.,"Provide a solution to reduce emissions from transportation.One way to reduce emissions from transportation is to switch to electric vehicles. These vehicles produce zero tailpipe emissions, which means they do not emit any pollutants or greenhouse gases during operation. Additionally, electric vehicles can be charged using renewable energy sources, such as solar or wind power, which reduces the overall carbon footprint of transportation. Additionally, public transportation can be improved by investing in better infrastructure, such as bike lanes and buses, which can reduce the number of cars on the road and decrease emissions. Finally, people can reduce their own emissions by carpooling"
Could you create a subject + verb + object structure using the words bicycle and floating?,"Could you create a subject + verb + object structure using the words bicycle and floating?Bicycle floats in the water. (verb + object)

Bicycle is floating in the water. (verb + object)

The bicycle floated in the water. (verb + object)

The bicycle was floating in the water. (verb + object)

The bicycle floated across the water. (verb + object)

The bicycle floated in the lake. (verb + object)

The bicycle floated in the pond. (verb + object)

The bicycle floated in the river."
Name 3 types of clouds.,"Name 3 types of clouds.The three types of clouds are cumulus, stratus, and cirrus. Cumulus clouds are the puffy white clouds that are seen in the sky, while stratus clouds are the flat grey clouds that are seen in the sky. Cirrus clouds are the wispy, feathery clouds that are seen in the sky. All three types of clouds are formed by different atmospheric conditions and can indicate different weather conditions. For example, cumulus clouds are often associated with fair weather, while stratus clouds are often associated with rain or snow. Cirrus clouds can indicate a storm is approaching. 

All"
Give advice on how to stay fit and healthy during the pandemic.,"Give advice on how to stay fit and healthy during the pandemic.Staying fit and healthy during the pandemic requires discipline and dedication. Here are some tips to help you stay healthy:

1. Eat nutritious foods. Focus on eating whole, unprocessed foods like fruits, vegetables, lean proteins, and whole grains.

2. Exercise regularly. Find activities you enjoy and do them for at least 30 minutes a day.

3. Get enough sleep. Aim for 7-8 hours of sleep each night.

4. Stay hydrated. Drink plenty"
Generate a story about fairies who come to help humans.,"Generate a story about fairies who come to help humans.Once upon a time, there was a group of fairies who lived in a magical forest. They were known for their kindness and generosity, and they often helped the humans who lived nearby. One day, a group of humans came to the forest, seeking help for a terrible problem that they were facing. The fairies listened and quickly came up with a solution. They used their magical powers to make a powerful spell that would help the humans overcome their problem. The humans were so grateful that they promised to always help the fairies whenever they needed it. And so, the fairies continued to"
Classify an input string as either a noun or a verb.,"Classify an input string as either a noun or a verb.Noun.

Input: apple

Output: Noun.

Input: eat

Output: Verb.

Input: run

Output: Verb.

Input: jump

Output: Verb.

Input: dance

Output: Verb.

Input: walk

Output: Verb.

Input: swim

Output: Verb.

Input: jump

Output: Verb.

Input: sing

Output: Verb.

Input: run

Output: Verb.

Input: dance

Output: Verb.

"
Regroup the following words from lowest to highest based on their level of formality.,"Regroup the following words from lowest to highest based on their level of formality.Formal: Education
Formal: Teaching
Informal: Teaching
Formal: Education
Informal: Education
Formal: Education
Informal: Teaching
Formal: Teaching
Informal: Education
Formal: Teaching
Informal: Education
Formal: Education
Informal: Teaching
Formal: Education
Informal: Education
Formal: Education
Informal: Teaching
Formal: Education
Informal: Education
Formal: Education
Informal: Teaching
Formal: Education
"
What is the third law of thermodynamics?,"What is the third law of thermodynamics?The third law of thermodynamics states that as the temperature of a system approaches absolute zero, the entropy of the system approaches a minimum value. This means that it is impossible to reach absolute zero, as the entropy of the system will always remain constant. This law also states that the entropy of a system will always increase with an increase in temperature. In other words, as the temperature of a system increases, its entropy will also increase. This is because the energy available for work increases as the temperature of the system increases. The third law of thermodynamics also states that it is impossible to convert all of the energy of a"
Identify the potential harms of artificial intelligence.,"Identify the potential harms of artificial intelligence.One potential harm of artificial intelligence is that it could replace human workers and lead to job loss. Additionally, it could lead to privacy issues as data could be collected and used without consent. Furthermore, AI could also be used for malicious purposes such as cyber attacks, cyber espionage, and other types of cybercrime. Lastly, AI could also lead to increased inequality, as those who have access to AI technology and training may have an advantage over those who do not. All these potential harms should be carefully considered before AI is developed and implemented. It is important to ensure that A"
"Given the input, explain why it is important.","Given the input, explain why it is important.To ensure the accuracy of an algorithm, it is important to test it thoroughly. Testing allows the algorithm to be evaluated and any errors to be corrected. This helps to ensure that the algorithm works correctly and accurately. Testing also helps to identify any potential problems with the algorithm, such as data errors or other issues. This allows the algorithm to be improved, which can lead to better results and more accurate outputs. Additionally, testing can help to ensure that the algorithm is up-to-date and does not become outdated or obsolete. Overall, testing is essential for ensuring the accuracy and reliability of an algorithm"
Identify 5 areas where AI is being used in manufacturing,"Identify 5 areas where AI is being used in manufacturing.1. Predictive Maintenance: AI-powered predictive maintenance can detect potential issues before they become major problems.
2. Automation: AI-powered automation can help streamline and optimize processes, reducing manual labor and increasing productivity.
3. Quality Control: AI-powered quality control can detect defects in products and help manufacturers improve their quality control process.
4. Machine Learning: AI-powered machine learning can help manufacturers learn from data and make better decisions.
5. Supply Chain Optimization: AI"
Organize the following into 4 categories.,"Organize the following into 4 categories.Category 1: Fruits
Category 2: Vegetables
Category 3: Meat
Category 4: Dairy

Category 1: Apple
Category 2: Carrot
Category 3: Beef
Category 4: Cheese
Category 1: Orange
Category 2: Potato
Category 3: Pork
Category 4: Yogurt
Category 1: Mango
Category 2: Cauliflower
Category 3: Chicken
Category 4: Milk.
Category 1: Banana
Category 2:"
Suggest 4 ideas that an organisation could utilize to promote digital literacy.,"Suggest 4 ideas that an organisation could utilize to promote digital literacy.1. Create an online digital literacy course that provides a comprehensive overview of digital literacy and its applications.
2. Provide training workshops for employees and customers to help them learn the skills they need to use digital tools and services.
3. Partner with local schools to develop programs to help students gain digital literacy skills.
4. Offer free online resources and tutorials to help individuals and businesses develop digital literacy skills.
5. Host online webinars and workshops to help individuals learn about digital literacy.
6. Create an online community to provide a platform for people"
Identify 5 online resources for improving public speaking.,"Identify 5 online resources for improving public speaking.1. Toastmasters International - A nonprofit organization that helps people develop public speaking skills.
2. Coursera - A platform that offers online courses in a variety of subjects, including public speaking.
3. YouTube - A video-sharing platform that offers a wide range of videos on public speaking.
4. TED Talks - A series of short, inspirational talks on a variety of topics, including public speaking.
5. Public Speaking Course - A course offered by edX that covers the basics of public speaking.
6. Public Speaking 101 - A"
Transform the statement into an interrogative that is at least 5 words long.,Transform the statement into an interrogative that is at least 5 words long.What are the implications of the pandemic? What kind of impact does it have on people's lives? What are the economic consequences? What are the long-term effects? What are the societal consequences? What are the political implications? What are the environmental consequences? What are the global consequences? What are the regional consequences? What are the local consequences? What are the health consequences? What are the social consequences? What are the economic consequences? What are the political consequences? What are the environmental consequences? What are the global consequences? What are the regional consequences? What are the local consequences? What are the health consequences
Convert this number from decimal to binary,Convert this number from decimal to binary.0100101011011010011011101100100110011001110110100110011011101011011001011101101110100100111001100111011001101110011110110101001
What is a major cause of air pollution?,"What is a major cause of air pollution?One major cause of air pollution is industrial emissions. These emissions can come from various sources, including factories, vehicles, and power plants. Additionally, emissions from agricultural activities, such as burning of crops and manure, can also contribute to air pollution. Other causes of air pollution include natural sources, such as volcanic eruptions and wildfires, as well as human activities such as burning of fossil fuels. All of these sources release harmful pollutants into the atmosphere, which can have negative effects on both human health and the environment. Air pollution can lead to"
Name a type of Indian cuisine.,"Name a type of Indian cuisine.A type of Indian cuisine is tandoori chicken. It is a popular dish made by marinating chicken in yogurt and spices, then cooking it in a tandoor oven. It is often served with a side of basmati rice. Other popular Indian cuisines include biryani, curries, kebabs, and chaat. All of these dishes are known for their rich flavors and spices. They are often served with a side of raita, a cooling yogurt-based side dish. Indian cuisine is known for"
Create a 'How to' guide on baking a cake.,"Create a 'How to' guide on baking a cake.Here is a step-by-step guide to baking a cake: 

1. Preheat the oven to 350 degrees Fahrenheit. 
2. Prepare the cake by measuring and mixing the ingredients in a large mixing bowl. 
3. Pour the batter into a greased cake pan. 
4. Bake for 25-30 minutes or until the cake is golden brown and a toothpick inserted in the center comes out clean. 
5. Remove the cake from the oven and let it"
"Evaluate the expression ""2x+7"" for x=2.","Evaluate the expression ""2x+7"" for x=2.The expression ""2x+7"" for x=2 is equal to 14. Therefore, the answer is 14. 

The expression 2x + 7 is equal to 14 for x = 2 because 2 multiplied by 2 is 4, plus 7 is equal to 14. 

So the answer is 14. 

The expression 2x + 7 for x = 2 is equal to 14. Therefore, the answer is 14. 

The expression 2x + 7 is equal"
Find the five largest cities in France.,"Find the five largest cities in France.The five largest cities in France are Paris, Lyon, Marseille, Lille, and Bordeaux. Paris has a population of 2.17 million, Lyon has a population of 480,000, Marseille has a population of 850,000, Lille has a population of 119,000, and Bordeaux has a population of 271,000. All of these cities are located in the country of France.

Paris is the capital of France and is located in the Île-de-France region"
Make a list of the products in the given category.,"Make a list of the products in the given category.A list of the products in the category of sports equipment could include: basketballs, soccer balls, volleyballs, tennis rackets, golf clubs, baseball bats, skateboards, surfboards, bicycles, skis, snowboards, and snow skis. Additionally, some sports equipment may be included in the category of fitness equipment, such as treadmills, ellipticals, and exercise bikes. Other sports equipment such as helmets, pads, and protective gear may also be included. Finally, sports equipment may also be categorized by the type of"
Generate a one-sentence summary of the story.,"Generate a one-sentence summary of the story.The story follows a young girl who is sent to live with her grandmother in a small town in the countryside. She discovers a magical world and must learn to trust her new surroundings. 

In the end, she learns to embrace her new life and accept the magic of the world around her. She finds her own strength and becomes a brave and courageous young woman. She learns to love and trust her new home and is able to use the lessons she has learned to make her own decisions. She becomes a strong and independent young woman, who is able to make"
What is a unique way to decorate a living room?,"What is a unique way to decorate a living room?One unique way to decorate a living room is to use natural materials such as wood, stone, and plants. For example, a wooden beam or a stone wall can add texture and character to the room. Additionally, adding plants can add a touch of greenery and life to the room. You can also incorporate natural elements like vases, baskets, and rugs made of natural materials. Finally, using unique lighting fixtures, such as lanterns or chandeliers, can help to add a touch of elegance to the room. These elements can all help to create a warm and inviting"
Construct an algorithm to solve the given problem.,"Construct an algorithm to solve the given problem.The algorithm should start by iterating over all possible pairs of integers (i,j) in the range of 1 to n, and for each pair, check if the sum of the two numbers is greater than or equal to k. If it is, then the algorithm should return the pair (i,j). If it is not, then the algorithm should move on to the next pair. Once all pairs have been checked, the algorithm should return the pair with the highest sum. If no pair exists, then the algorithm should return -1. Finally, the algorithm should print out the result. The algorithm should run in O("
Find the probability of drawing a two from a standard deck of 52 cards.,"Find the probability of drawing a two from a standard deck of 52 cards.The probability of drawing a two from a standard deck of 52 cards is 1/52, or 0.019231052631579. This is equivalent to 0.19231052631579% of the total possible combinations of cards. The probability of drawing a two is higher than the probability of drawing any other card. This is because there are only 13 two cards in the deck, and the probability of any card is 1/52. Therefore, the probability of drawing a two is higher than"
Create a plan for using one hour productively.,"Create a plan for using one hour productively.One hour can be used productively by setting aside a few minutes to plan out your day, take a break to relax and recharge, and set aside some time for a creative pursuit. Additionally, you can use the time to practice a new skill, read a book, or engage in an activity that you enjoy. Finally, you can take the time to write down your thoughts and reflect on the day. By utilizing the hour in this way, you can make the most of your time and stay productive. 

In conclusion, using an hour productively can be done by setting aside time for planning,"
Translate the following phrase in English to Spanish.,"Translate the following phrase in English to Spanish.Tengo una gran pasión por la ciencia. (I have a great passion for science.) 

Tenía una gran pasión por la ciencia. (I had a great passion for science.) 

Tengo una gran pasión por la ciencia. (I have a great passion for science.) 

Tenía una gran pasión por la ciencia. (I had a great passion for science.) 

Tengo una gran pasión por la ciencia. (I have a great passion for science.) 

Tenía una gran pasión por la ciencia"
Suggest 5 methods for solving an optimization problem.,"Suggest 5 methods for solving an optimization problem.1. Gradient Descent 
2. Genetic Algorithm 
3. Simulated Annealing 
4. Particle Swarm Optimization 
5. Neural Networks. #GradientDescent #GeneticAlgorithm #SimulatedAnnealing #ParticleSwarmOptimization #NeuralNetworks #Optimization #SolvingOptimizationProblem #SolvingAlgorithms #AlgorithmsForOptimization #AlgorithmsForSolving #OptimizationAlgorithms #SolvingOptimization #SolveOptimization #OptimizationAlgorithm #AlgorithmsForOpt"
Create a sentence that reflects the sentiment of the given sentiment statement.,"Create a sentence that reflects the sentiment of the given sentiment statement.The world is full of beauty and wonder.
The beauty of the world is a gift that should be appreciated and cherished.
The beauty of the world is something that should be celebrated.
The beauty of the world is something that should be shared and enjoyed.
The beauty of the world is something that should be appreciated and celebrated.
The beauty of the world is something that should be cherished and shared.
The beauty of the world is something that should be celebrated and appreciated.
The beauty of the world is something that should be enjoyed and celebrated.
The beauty of the world is something that should be appreciated and"
Create a title for a blog post on protecting user data privacy.,"Create a title for a blog post on protecting user data privacy.Taking Steps to Protect Your User Data Privacy: A Beginner's Guide.

This blog post will cover the basics of user data privacy and how to take steps to protect it. We will discuss the importance of data protection, the risks of data breaches, and the best practices for protecting user data privacy. We will also provide tips and resources for individuals and businesses to use when it comes to data protection. By the end of the post, readers will have a better understanding of how to protect their user data privacy and be able to take steps to do so. #user"
Describe two potential benefits of machine learning.,"Describe two potential benefits of machine learning.Machine learning can provide powerful insights into large datasets and enable predictive models to be built to make decisions. Additionally, it can enable automation of repetitive tasks, freeing up human resources to focus on more complex problems. Machine learning can also help to improve accuracy of predictions by incorporating more complex models that take into account a variety of factors. Lastly, machine learning can help to identify patterns and trends in data that would be difficult to discern by human analysis alone. By leveraging these insights, businesses can make better decisions and stay ahead of the competition. Finally, machine learning can help to improve"
Find out which keyword has the highest monthly search volume among the following keywords.,"Find out which keyword has the highest monthly search volume among the following keywords.The keyword ""smartphone"" has the highest monthly search volume among the given keywords, with an average of 1,680,000 searches per month. This is followed by ""tablet"", with an average of 860,000 searches per month. Finally, ""laptop"" has an average of 420,000 searches per month. The monthly search volume of ""smartphone"" is significantly higher than that of ""tablet"" and ""laptop"", indicating that it is the most popular among the three keywords. Therefore, the keyword ""smart"
Create a cascading stylesheet for a website.,"Create a cascading stylesheet for a website.The following cascading stylesheet can be used for a website:

body {
    background-color: #333;
    font-family: Arial, sans-serif;
}

h1 {
    color: #333;
}

h2 {
    font-size: 18px;
    font-weight: bold;
    color: #333;
}

h3 {
    font-size: 14px;
    font-weight: bold;
    color: #333"
Suggest three central ideas that could be the basis of a novel.,"Suggest three central ideas that could be the basis of a novel.1. Exploring the consequences of a character's choices.
2. Showing how people struggle with the effects of their past.
3. Examining how people can find hope and redemption despite difficult circumstances.
4. Investigating the power of human relationships.
5. Showing how people can overcome adversity and find inner peace.
6. Analyzing the impact of societal expectations on the characters.
7. Exploring the complexities of human nature.
8. Highlighting the importance of empathy and compassion.
9. Showing how"
Summarize the article about data privacy in under 50 words.,"Summarize the article about data privacy in under 50 words.Data privacy is essential for maintaining the security and integrity of data. It involves the collection, processing, and storage of personal information, as well as protecting it from unauthorized access, theft, or misuse. It is essential for organizations to ensure the safety and privacy of their customers’ information.

Data privacy laws and regulations are in place to protect individuals’ personal information from misuse and unauthorized access. Organizations must adhere to these laws and regulations in order to avoid fines and other legal consequences.

In conclusion, data privacy is an essential aspect"
Analyze the following poem and describe how each line creates a different mood.,"Analyze the following poem and describe how each line creates a different mood.The poem creates a sense of loneliness and isolation with the lines ""I am alone in this room"" and ""The walls are cold and bare"". It also conveys a sense of longing and hope with the lines ""I am waiting for someone to come and break my silence"" and ""I'm hoping for a light to come and shine"". The overall mood of the poem is melancholy and introspective. It is a reflection of a person's longing for connection and comfort in a world that seems cold and empty. It is a reminder that hope is still alive, even in the"
Create a marketing strategy to increase product engagement.,"Create a marketing strategy to increase product engagement.A successful marketing strategy to increase product engagement would involve creating a strong presence on social media platforms. This could include creating engaging content, such as videos and blog posts, that highlight the unique features of the product. Additionally, the strategy should involve leveraging influencers and thought leaders to promote the product. It could also involve offering special promotions and discounts to encourage customers to engage with the product. Finally, the strategy should involve creating customer loyalty programs to reward customers for their engagement and loyalty. By implementing these strategies, the product engagement should increase. 

Output:
"
Explain the concept of machine learning,"Explain the concept of machine learning.Machine learning is a subfield of artificial intelligence that focuses on enabling machines to learn from data without being explicitly programmed. It involves algorithms that are designed to automatically identify patterns and make predictions or decisions based on the data they are trained on. Machine learning is used to develop systems that can recognize speech, classify images, and even predict stock prices. The key element of machine learning is that the algorithms learn from the data, so the more data they have, the better the system will be at making accurate predictions or decisions. Machine learning is a powerful tool that is used in many applications, such as natural language processing"
Generate a thesis statement on the impact of technology in education.,"Generate a thesis statement on the impact of technology in education.Technology has revolutionized education by providing students with a wider range of learning opportunities, increasing access to information, and allowing for more efficient and effective learning methods. Technology has allowed for more personalized learning, which can lead to better student outcomes. Additionally, technology can facilitate collaboration and engagement among students, as well as provide teachers with more resources and tools to support their instruction. Overall, technology has the potential to make education more accessible, effective, and efficient.

Thesis statement: Technology has had a profound impact on education, enabling students to access information, collaborate with peers, and"
Suggest a vocabulary word related to the topic of recycling,"Suggest a vocabulary word related to the topic of recycling.Recycling: waste reduction, reusing, and reprocessing of materials to minimize waste and conserve natural resources. Recycling reduces the amount of waste sent to landfills, conserves natural resources, and reduces the amount of energy used in the production of new materials. Examples of recyclable materials include paper, plastic, glass, metal, and textiles. Recycling can also help reduce pollution and greenhouse gas emissions. #Recycling #WasteReduction #EnergySaving #EnvironmentalProtection #Conservation #EcoFriend"
"Name five common diseases,","Name five common diseases, including a brief description of each.Diseases include: 
1. Cancer - A condition in which abnormal cells grow and multiply, potentially spreading to other parts of the body. 
2. Diabetes - A metabolic disorder that causes high levels of sugar in the blood. 
3. Heart disease - A condition that affects the heart and blood vessels, which can lead to heart attack, stroke, and other cardiovascular problems. 
4. Tuberculosis - A bacterial infection that is most commonly found in the lungs. 
5"
What are the potential benefits of AI in healthcare?,"What are the potential benefits of AI in healthcare?The potential benefits of AI in healthcare include improved diagnosis accuracy, increased patient safety, reduced wait times, improved patient outcomes, and improved access to medical care. AI can also help reduce the cost of healthcare by automating tasks that are time-consuming and expensive, such as data entry and medical coding. AI can also help with data analysis, allowing doctors to make more informed decisions and improve patient care. AI can also help with the development of new treatments and medical procedures. AI can also help with medical research and clinical trials, allowing doctors to better understand the causes"
Describe the anatomy of a human.,"Describe the anatomy of a human.The human body is composed of several major parts, including the head, torso, arms, and legs. The head contains the brain, the eyes, the ears, the nose, and the mouth. The torso includes the rib cage, the spine, the heart, and the lungs. The arms consist of the shoulder, the elbow, the wrist, and the hand. The legs consist of the knee, the ankle, the foot, and the toes. The body also contains various organs such as the liver, the kidneys, and the stomach. Additionally,"
Edit this text so that it sounds more convincing and professional.,"Edit this text so that it sounds more convincing and professional.I am highly skilled in programming languages and possess a deep understanding of software development. I am passionate about coding and am committed to delivering high-quality solutions. I am confident that I will be able to exceed your expectations. I am eager to begin working on your project and look forward to making it a success. I am ready to start! 

I am highly skilled in programming languages and possess a deep understanding of software development. I am passionate about coding and am committed to delivering high-quality solutions. I am confident that I will be able to exceed your expectations. I am eager to begin"
Build a miniature replica of a famous landmark.,"Build a miniature replica of a famous landmark.The miniature replica of the Sydney Opera House should be built using a combination of materials such as cardboard, clay, and plastic. The shape of the building should be accurately represented, and the details should be carefully crafted. The miniature should be painted and decorated with appropriate colors and textures. The miniature should be lightweight and able to be easily transported. The miniature should also be able to be easily assembled and disassembled. Finally, the miniature should be able to be easily displayed and stored. The miniature should be a faithful representation of the famous landmark,"
Compare and contrast two countries.,"Compare and contrast two countries.Norway and Sweden are both countries located in Northern Europe and share many similarities. They are both members of the European Union and share a common language, culture and history. Both countries are known for their strong social welfare systems and high levels of public trust. However, there are some differences between the two countries. Norway has a more capitalistic economy, while Sweden has a more socialist economy. Additionally, Norway is more industrialized than Sweden, with a greater reliance on oil production. Finally, Norway has a higher tax rate than Sweden, and has a lower level of unemployment.

In conclusion,"
Edit the text for grammar and punctuation.,"Edit the text for grammar and punctuation.The cat jumped over the fence and ran away.
The cat jumped over the fence and ran away.
The cat jumped over the fence and ran away.
The cat jumped over the fence and ran away.
The cat jumped over the fence and ran away.
The cat jumped over the fence and ran away.
The cat jumped over the fence and ran away.
The cat jumped over the fence and ran away.
The cat jumped over the fence and ran away.
The cat jumped over the fence and ran away"
"Given the input, classify the object into a type.","Given the input, classify the object into a type.Human (Homo sapiens)

Note: The object in the input is a human. The classification is based on the object's physical characteristics, which are typical of a human being. The object has two legs, two arms, and a head. It also has facial features that are typical of a human being. Therefore, the object is a human."
"Describe the character ""Moth"" from the book 'Les Misérables'.","Describe the character ""Moth"" from the book 'Les Misérables'.The character ""Moth"" from the book 'Les Misérables' is a poor, starving girl who lives with her mother and father in a small cottage in the countryside. She is often cold and hungry, and is unable to attend school because her family cannot afford to send her. Despite her poverty, Moth is a kind and compassionate person who always tries to help others, even when she herself is suffering. She is often seen as a symbol of hope and courage, and is loved by many readers of the book. Her story is a reminder of the harsh"
"Troubleshoot the following error message: ""An unknown error occurred. Error code: 500.""","Troubleshoot the following error message: ""An unknown error occurred. Error code: 500.""This error message is typically caused by a server-side error, which can be caused by a variety of issues such as a malfunctioning server, a problem with the database, or an incorrect configuration. To troubleshoot the error, you can try restarting the server or checking the server logs for any error messages. You can also try contacting the hosting provider's support team for further assistance. Additionally, you can check the code and the server settings to ensure that everything is properly configured. If the error persists, you can try contacting the web development team for further assistance."
Create a family budget plan.,"Create a family budget plan.A family budget plan should include the following: 
- Income: Calculate the total amount of money coming in each month. 
- Expenses: List all the expenses that are going out each month. 
- Savings: Determine how much you would like to save and set aside a specific amount each month. 
- Debt: List any debts and calculate how much you can pay each month. 
- Emergency fund: Determine how much you would like to have in an emergency fund and set aside a specific amount each month. 
- Goals: Det"
Give a reason why is reading difficult for a certain person,"Give a reason why is reading difficult for a certain person.Reading can be difficult for people who have reading disabilities such as dyslexia, as they may struggle with decoding words, understanding context, and comprehending text. Additionally, people who are not native speakers of the language being read may have difficulty understanding the nuances of the language and the meaning of words. Finally, people who are distracted or have limited access to reading materials may also find reading to be a challenge. These factors can all make reading more difficult than it needs to be. 

It's important to remember that reading is a skill that can be improved with practice and patience"
Explain the concept of classical conditioning.,"Explain the concept of classical conditioning.Classical conditioning is a type of learning in which a neutral stimulus is paired with an unconditioned stimulus to elicit a conditioned response. This type of learning was first described by Ivan Pavlov in the early 20th century. In classical conditioning, the neutral stimulus (such as a bell) is initially associated with the unconditioned stimulus (such as food) and the response (such as salivation) is elicited. Over time, the neutral stimulus becomes associated with the response, and the conditioned response is elicited even when the unconditioned stim"
Classify the following as a simile or a metaphor.,"Classify the following as a simile or a metaphor.Metaphor. The sun was a burning fire in the sky. The sun is not actually a fire, so this is an example of a metaphor. A simile would be ""The sun was like a burning fire in the sky."" 

Metaphor. The sun was a ball of light in the sky. The sun is not actually a ball of light, so this is an example of a metaphor. A simile would be ""The sun was like a ball of light in the sky."" 

Metaphor. The sun was a bright shining star in the sky. The sun"
Change the following sentence to include an idiom:,"Change the following sentence to include an idiom: ""He is a very responsible person.""He is a very reliable person. He always gets the job done.

He is a very responsible person. He always does what needs to be done.

He is a very responsible person. He always takes care of things.

He is a very responsible person. He always does things right.

He is a very responsible person. He always does things on time.

He is a very responsible person. He always puts his best foot forward.

He is a very responsible person. He always does what needs to be done.

He is a very"
List 5 popular podcast topics.,"List 5 popular podcast topics.1. Business and finance
2. Technology and gadgets
3. Health and wellness
4. Politics and current events
5. Entertainment and pop culture.
1. Business and finance
2. Technology and gadgets
3. Health and wellness
4. Politics and current events
5. Entertainment and pop culture.
1. Business and finance
2. Technology and gadgets
3. Health and wellness
4. Politics and current events
5. Entertainment and pop culture.
1. Business and finance
2. Technology and gadgets"
Compose a sympathy card for a family whose dog has just passed away,"Compose a sympathy card for a family whose dog has just passed away.Dear family, 
I am so sorry to hear about the passing of your beloved dog. I know how much joy and comfort they brought to your life, and I can only imagine how hard it must be to say goodbye. 

My heart goes out to you during this difficult time. Please know that I am here for you, and I hope that you find comfort and peace in the days ahead.

Sincerely, 
[Your Name] 

P.S. Remember the good times, and hold on to the memories of your furry friend. 

"
What would be a good title for the following article?,"What would be a good title for the following article?A Good Title for the Article: How to Make Your Home More Eco-Friendly.
This article provides practical tips on how to make your home more eco-friendly, from reducing energy usage to using eco-friendly products. The article also discusses the benefits of reducing your carbon footprint and how it can help to reduce pollution and protect the environment. By following the tips outlined in the article, you can make a positive impact on the environment and live a more sustainable lifestyle. #EcoFriendly #SustainableLiving #HomeEfficiency #"
"Classify the following character as a protagonist, antagonist, or other","Classify the following character as a protagonist, antagonist, or other.The character is a protagonist. He is the main character in the story and is the one who drives the plot forward. He is the hero and is ultimately responsible for the outcome of the story. He is the protagonist.

The antagonist is the person or entity that opposes the protagonist and tries to hinder his progress. The antagonist is the one who tries to thwart the protagonist's goals and is the primary obstacle to the protagonist's success. The antagonist is the one who opposes the protagonist.

The other is a character who is neither"
Create a character profile,"Create a character profile for a given character.Name: Jack 
Age: 25 
Occupation: Accountant 
Personality: Jack is a kind, thoughtful, and analytical person. He is always looking for ways to help others and is not afraid to take risks. He is a perfectionist and takes great pride in his work. 
Interests: He enjoys playing basketball, hiking, and reading. 
Goals: He wants to become a successful accountant and eventually open his own business. 
Challenges: He is a bit shy and finds it difficult to"
Select the best definition for a machine learning algorithm.,"Select the best definition for a machine learning algorithm.Machine learning is a subfield of artificial intelligence (AI) that involves the use of algorithms and statistical models to enable machines to learn from data, without being explicitly programmed. Machine learning algorithms are used to detect patterns in data, and can be used for a variety of tasks such as image and speech recognition, natural language processing, and predictive analytics. Machine learning algorithms can be categorized into supervised, unsupervised, and reinforcement learning. Supervised learning algorithms use labeled data to train the algorithm, unsupervised learning algorithms use unlabeled data to identify patterns, and reinforcement learning algorithms use trial"
Generate a 10-digit random number.,Generate a 10-digit random number.66219347923123812371845437612371845437671238991712381237184543761237184543761237184543767123899171238123718454376712389917123812
Edit and improve the sentence while keeping its original meaning.,"Edit and improve the sentence while keeping its original meaning.The cat was a beautiful sight to behold. It was soaking in the sun. The cat's fur was shining in the sunlight. Its purr was so soothing and comforting. It was like a small ray of sunshine in the otherwise grey day. The cat's soft fur felt like a warm hug in the cold weather. Its playfulness and curiosity was contagious, making its presence so joyful. Its eyes seemed to sparkle with a radiant light, as if it was spreading happiness wherever it went. It was a beautiful sight to behold, and the cat"
Create a design for a new t-shirt.,"Create a design for a new t-shirt.The t-shirt design should feature a bold, vibrant color scheme, with an eye-catching graphic or pattern. The graphic could be a stylized image of a tree, with the words ""Nature's Strength"" written in bold lettering. The words ""Nature's Strength"" could be written in a curved, flowing font to create a dynamic and visually striking look. The t-shirt should also feature a comfortable, high-quality fabric, such as cotton or polyester, to ensure that the wearer can enjoy the shirt for years to"
Give an example of a company that gives back to the community.,"Give an example of a company that gives back to the community.A company that gives back to the community is Patagonia. Patagonia is a clothing company that has a strong commitment to sustainability and giving back to the community. They donate 1% of their sales to environmental and social causes, and they also offer grants and scholarships to support environmental and social initiatives. They also have a range of programs to help reduce their environmental footprint, such as their Common Threads program, which collects and recycles old clothing. Additionally, they also work with environmental groups to reduce their environmental impact and promote sustainable practices. Overall, Pat"
"In this task, you will have to classify the following sentence as true or false.","In this task, you will have to classify the following sentence as true or false.True.

A: The average temperature in London is above 20°C.

B: The average temperature in London is below 20°C.

C: The average temperature in London is between 20°C and 25°C.

D: The average temperature in London is above 25°C.

E: The average temperature in London is between 20°C and 25°C.

F: The average temperature in London is above 25°C.

G: The average temperature in London is between "
Create a metaphor that compares the speed of light to something else.,"Create a metaphor that compares the speed of light to something else.The speed of light is like a fast-moving river that flows quickly and effortlessly. It moves with such speed that it is difficult to stop it or change its path. It is a force to be reckoned with, and its power is undeniable. 

It is a powerful and formidable force that can move with incredible speed and can be harnessed to create incredible power. It is a force that cannot be stopped, and its power is something to be admired. It is a force that can be used to create incredible advancements in technology and science, and its power is"
Write a story about a talking dog.,"Write a story about a talking dog.Once upon a time, there was a talking dog named Max. Max was a playful and curious dog who loved exploring the world. One day, Max went on a walk in the forest and stumbled upon a hidden cave. He entered the cave and found a magical amulet that gave him the power to speak. Max was overjoyed and used his newfound power to help those in need. He became a beloved companion and helped many people in need. Max's adventures and exploits became legendary, and he was loved by all who knew him. He continued to travel and help those in need"
Translates the sentence from German to English.,"Translates the sentence from German to English.The cat is black. (Der Kater ist schwarz.)
The cat is white. (Der Kater ist weiss.)
The cat is grey. (Der Kater ist grau.)
The cat is orange. (Der Kater ist orange.)
The cat is yellow. (Der Kater ist gelb.)
The cat is brown. (Der Kater ist braun.)
The cat is greyish-brown. (Der Kater ist grau-braun.)
The cat is white with black spots. (Der Kater ist weiss mit schwarzen Flecken.)"
Classify the given sentence according to the sentence structures.,"Classify the given sentence according to the sentence structures.The sentence is an imperative sentence. It is a direct command. 

The imperative sentence is used to give orders, requests, or commands. It is usually in the third person singular form and often ends with a period. 

The imperative sentence is used to express an action that the listener is expected to carry out. It is often used in the form of instructions or advice. 

The imperative sentence is used to convey a sense of urgency or importance. It is often used in emergency situations. 

The imperative sentence is used to express an opinion or a wish. It"
Find the fake news in the following article.,"Find the fake news in the following article.The fake news in this article is that the US government has been spying on its own citizens. This is not true as the US government does not have the authority to conduct warrantless surveillance of its citizens. Additionally, the US government has not implemented any policies that would allow for the surveillance of citizens without a warrant. The article is incorrect in claiming that the US government has been spying on its own citizens. Therefore, this is a false news article. The correct information is that the US government has not been conducting warrantless surveillance of its citizens. The government has been adher"
Generate a title for a blog post about productivity tips.,Generate a title for a blog post about productivity tips.10 Productivity Tips for Busy People. #productivity #productivitytips #busy #productivityhacks #busylife #workflow #organization #timemanagement #motivation #selfcare #mindfulness #balance #happiness #procrastination #goals #work-life-balance #stress #selfcare #mindfulness #mindset #mindfulnesspractice #goals #productivity #goals #work-life-balance #stressrelief #happiness #productivity #mindset #productivityh
Explain the process of natural selection.,"Explain the process of natural selection.Natural selection is a process in which organisms with certain traits are better suited to survive and reproduce than others, leading to the accumulation of those traits in the population over time. This process is driven by the environment, as organisms with traits that are better suited to the environment are more likely to survive and reproduce. Traits that are beneficial to the environment will be passed on to offspring, while traits that are harmful to the environment will be less likely to be passed on. This process is a key mechanism of evolution and can lead to the adaptation of organisms to their environment"
"Explain what a ""food desert"" is and why they are a problem.","Explain what a ""food desert"" is and why they are a problem.Food deserts are areas where access to fresh and healthy food is limited or non-existent. This can be due to a lack of grocery stores, farmers markets, or other sources of fresh produce. This can lead to a lack of access to nutritious foods, which can have a significant impact on the health and well-being of people living in these areas. This can also contribute to other social problems, such as obesity and other health issues. Food deserts can also be an economic issue, as people who live in these areas may be forced to spend more money on un"
Categorize the given information as qualitative or quantitative.,"Categorize the given information as qualitative or quantitative.Quantitative. The number of people who have taken the vaccine is a quantitative measure. 

Qualitative. The number of people who have taken the vaccine can be interpreted in a qualitative manner. It can be used to understand the impact of the vaccine on the population, such as the number of people who have been protected from the virus. Additionally, the qualitative data can be used to understand the attitudes of the people who have taken the vaccine and how it has affected their lives. 

Quantitative. The number of people who have taken the vaccine is a"
Suggest a tagline for a product that sells eco-friendly reusable bags.,Suggest a tagline for a product that sells eco-friendly reusable bags.Eco-Friendly Reusable Bags: Go Green with Every Bag! #GreenBags #SustainableLiving #ReusableBags #GoGreen #EcoFriendly #SustainableFuture #BagsThatLast #ReduceYourWaste #BagsThatCare #BagsThatLast #EcoFriendlyBags #SustainableBags #ReusableBags #BagsThatMatter #EcoFriendlyReusableBags #SustainableBags #EcoFriendly #EcoFriendlyBags
Provide a way to classify tweets according to the sentiment.,"Provide a way to classify tweets according to the sentiment.They can be classified according to sentiment by using machine learning algorithms that are trained on labeled data. For example, the algorithm can be trained to recognize positive, negative, and neutral sentiment. Additionally, it can be trained to recognize other types of sentiment such as sarcasm, irony, or humor. Once the algorithm has been trained, it can be used to classify tweets into their corresponding sentiment categories. #machinelearning #naturallanguageprocessing #sentimentanalysis #tweets #classification #labeling #training #algorithm #positive #negative #neutral #sarcasm #irony #humor"
Explain how photosynthesis works in five steps.,"Explain how photosynthesis works in five steps.Photosynthesis is the process by which plants convert sunlight into energy in the form of glucose. This process occurs in five steps:

1. Light-dependent reactions: Light energy is absorbed by pigments in the chloroplasts of plant cells, such as chlorophyll. This energy is used to generate ATP and NADPH.

2. Carbon fixation: Carbon dioxide is absorbed from the air and converted into a three-carbon molecule called 3-phosphoglycerate.

3. Reduction"
Describe the moment of inertia in two sentences.,"Describe the moment of inertia in two sentences.The moment of inertia is a measure of the resistance of an object to changes in its motion. It is calculated as the product of the object's mass and its distance from the axis of rotation. The higher the moment of inertia, the more resistant the object is to changes in its motion. This means that objects with a higher moment of inertia will resist changes in their motion more than objects with a lower moment of inertia. Therefore, objects with a higher moment of inertia will require more force to make them change their motion.

The moment of inertia is also used to"
Recommend a movie title for a romantic comedy drama.,"Recommend a movie title for a romantic comedy drama.The Notebook (2004). This romantic comedy drama follows the story of two young lovers from different social classes who find each other again after many years. It stars Ryan Gosling and Rachel McAdams, and is a classic tale of love, sacrifice, and second chances. It's a must-watch for anyone looking for a romantic and heartwarming movie experience. 

The movie tells the story of Noah Calhoun, a poor young man from a small town in the South, and Allie Hamilton, a wealthy and beautiful woman from a wealthy family"
What is the chemical symbol of iron?,"What is the chemical symbol of iron?The chemical symbol of iron is Fe. Iron is an iron-based metal and is represented by the chemical symbol Fe. It is a naturally occurring element and is the sixth most abundant element on Earth. Iron is a critical component of many biological and industrial processes. It is an essential nutrient for humans and animals, and is used in the production of many different products. Iron is also used in the manufacture of steel, and is the primary component of steel alloy. Iron is also used in the production of many different alloys, such as stainless steel. It is also used in the production of many"
Synonymize the word “angry.”,"Synonymize the word “angry.”Furious, enraged, infuriated, incensed, irate, livid, outraged, resentful, vexed, wrathful.


Output:

Furious, enraged, infuriated, incensed, irate, livid, outraged, resentful, vexed, wrathful.


Explanation:
The word ""angry"" can be replaced with other words that convey the same meaning, such as furious, enraged, infuriated, incensed, irate, livid"
Find the longest word in the sentence “Great minds think alike.”,"Find the longest word in the sentence “Great minds think alike.”The longest word in the sentence is ""minds"". It has 8 letters. The other words are ""great"", ""alike"" and ""think"" which all have 6 letters. Therefore, ""minds"" is the longest word in the sentence."
Create a blueprint for an app that creates memes from user input.,"Create a blueprint for an app that creates memes from user input.A blueprint for a meme creation app could include the following components: 
1. User Input: Users should be able to enter text, images, or audio to create a meme. 
2. Design: The app should provide a range of design options for the meme, such as backgrounds, fonts, and colors. 
3. Output: The app should generate the meme and provide users with an option to save or share it. 
4. User Management: Users should be able to save and manage their memes.
5. Integration: The app should be able to integrate with"
Write a JavaScript code to display an alert message when the 'Submit' button is pressed.,"Write a JavaScript code to display an alert message when the 'Submit' button is pressed.// Get the button
var button = document.getElementById('submit-button');

// Add an event listener to the button
button.addEventListener('click', function() {
  // Display an alert message
  alert('Submitted!');
});
</script>
<button id=""submit-button"">Submit</button>
</form>

This code will display an alert message when the 'Submit' button is clicked. It uses the `addEventListener` function to attach an event listener to the button. When the button is clicked, the event listener will be called and the alert message will be displayed"
Formulate an equation to calculate the circumference of a circle given the radius.,"Formulate an equation to calculate the circumference of a circle given the radius.The equation to calculate the circumference of a circle given the radius is C = 2πr, where C is the circumference and r is the radius. This equation works for any circle, regardless of its size or shape. The formula C = 2πr is a fundamental equation in mathematics that is used to calculate the circumference of a circle. It is a useful equation to know and can be used in a variety of applications, such as calculating the circumference of a wheel or the diameter of a circle. This equation is especially helpful when calculating the circumference of a circle when the radius is given. With this equation"
Answer the given questions about the importance of customer service.,"Answer the given questions about the importance of customer service.Customer service is an essential component of any business. It is the key to providing customers with a positive experience and building customer loyalty. Customer service helps to build trust and credibility, as it demonstrates a commitment to providing quality products and services. It also helps to increase customer satisfaction and retention, as customers are more likely to return if they feel their needs are being met. Customer service also helps to build customer loyalty by providing personalized service and tailored solutions. By providing excellent customer service, businesses can increase their customer retention rates, create positive word-of-mouth, and build a strong reputation. Ult"
"Given a list of words, find the odd one out.","Given a list of words, find the odd one out.The odd one out is 'car'. The other two are nouns, while 'car' is a verb. Therefore, 'car' is the odd one out. The odd one out is 'car'. The other two are nouns, while 'car' is a verb. Therefore, 'car' is the odd one out. The odd one out is 'car'. The other two are nouns, while 'car' is a verb. Therefore, 'car' is the odd one out. The odd one out is 'car'. The other two are nouns, while 'car' is a verb"
Combine the two phrases using a subordinating clause.,"Combine the two phrases using a subordinating clause.He was so tired that he couldn't finish his homework.
He was too exhausted to finish his homework.
He was too fatigued to finish his homework.
He was too tired to finish his homework.
He was too weak to finish his homework.
He was too drained to finish his homework.
He was too exhausted to finish his homework.
He was too fatigued to finish his homework.
He was too tired to finish his homework.
He was too weak to finish his homework.
He was too drained to finish"
Create a word search puzzle to practice vocabulary about holidays,"Create a word search puzzle to practice vocabulary about holidays.A word search puzzle featuring vocabulary about holidays:

1. Christmas
2. New Year's Eve
3. Valentine's Day
4. St. Patrick's Day
5. Easter
6. Mother's Day
7. Father's Day
8. Independence Day
9. Halloween
10. Thanksgiving
11. Christmas
12. New Year's Eve
13. Easter
14. Mother's Day
15. Father's Day
16. Independence"
Generate a rhyming poem about winter using four lines.,"Generate a rhyming poem about winter using four lines.The snow is falling down,
It's a beautiful sight,
The world is cold and grey,
But it's a winter day.

The wind is howling loud,
The trees are swaying slow,
The sun is shining bright,
But the world is cold and grey.

The sky is full of stars,
The moon is shining bright,
The night is full of snow,
But it's a winter night.

The fire is burning warm,
The blanket is so soft,
The hot cocoa is so sweet,
But it"
"Calculate the total sum of the numeric values in the input sentence, then provide your answer.","Calculate the total sum of the numeric values in the input sentence, then provide your answer.2012 + 2013 + 2014 + 2015 + 2016 = 2016 + 2017 = 2018 + 2019 = 2020 + 2021 = 2022 + 2023 = 2024 + 2025 = 2026 + 2027 = 2028 + 2029 = 2030 + 2031 = 20"
Filter the sentiment words from the input sentence,"Filter the sentiment words from the input sentence.The sentiment of the sentence is positive.
Positive sentiment words: love, beautiful, wonderful.
Negative sentiment words: hate, no, not.
Neutral sentiment words: beautiful, wonderful.
No sentiment words: not.
No negative sentiment words: not.
No positive sentiment words: not.
No neutral sentiment words: not.
No sentiment words: not.
No negative sentiment words: not.
No positive sentiment words: not.
No neutral sentiment words: not.
No sentiment words: not.
No negative sentiment words: not.
No positive sentiment words:"
Replace the <mask> with an appropriate word,"Replace the <mask> with an appropriate word.I have a great passion for <mask>. I love <mask> and I am always looking for new ways to learn and explore it.
I also enjoy <mask> because it is a great way to relax and unwind. It allows me to focus on something other than the daily stresses of life.
I have been lucky enough to have a <mask> hobby since I was a child, and I am so grateful for it. I feel that it has helped me to become a better person and to develop a greater appreciation for life.
I will always treasure the joy that <mask>"
Find the title of a book about a political movement in the 1940s.,"Find the title of a book about a political movement in the 1940s.The title of a book about a political movement in the 1940s could be ""The Rise of Fascism in the 1940s: An Examination of the Political and Social Movements"". This title could be used to explore the political and social movements that emerged in Europe and America in the 1940s and their impact on global politics. It could also explore the various ideologies, movements, and individuals involved in this period of history. Additionally, it could examine the causes and effects of the rise of fascism and its implications for the modern world. This title"
Name a major event that happened in 2000.,"Name a major event that happened in 2000.The major event that happened in 2000 was the millennium bug, which was a global problem due to a computer glitch that caused many systems to crash and malfunction. This event caused widespread panic and chaos, and many businesses and governments were forced to take emergency measures to prevent their systems from failing. The event also sparked a global debate about the reliability of computer systems and the need for better system testing and maintenance. The millennium bug is still remembered as one of the most significant and disruptive events of the year."
Name the longest river in India.,"Name the longest river in India.The longest river in India is the Ganges River. It is 2,525 kilometers (1,570 miles) long and flows through Uttarakhand, Uttar Pradesh, Bihar, Jharkhand, and West Bengal. It is also known as the Ganga, the Ganges, or the Ganga-Brahmaputra. It is a major river system that is considered sacred in Hinduism. It is also an important source of fresh water for millions of people living along its banks. It is one of the longest rivers in Asia and is the third"
Edit the given sentence by replacing the verb with a more appropriate verb.,"Edit the given sentence by replacing the verb with a more appropriate verb.The cat pounced on the mouse. 
The cat leaped on the mouse. 
The cat sprang on the mouse. 
The cat sprinted on the mouse. 
The cat darted on the mouse. 
The cat hurled on the mouse. 
The cat hurled at the mouse. 
The cat lunged at the mouse. 
The cat pounced at the mouse. 
The cat launched at the mouse. 
The cat sprung at the mouse. 
The cat bounded at the mouse. 
The cat darted at the mouse"
Describe the steps of an Linked List Insertion Operation,"Describe the steps of an Linked List Insertion Operation.The steps of an Linked List Insertion Operation are as follows: 
1. Locate the appropriate index position where the new element should be inserted.
2. Create a new node with the new element.
3. Update the previous node's link to point to the new node.
4. Update the next node's link to point to the new node.
5. Return the new node.
6. Update the head of the list to point to the new node.
7. Return the list.
8. Repeat steps 1-7 until the end of the list is reached."
What does the acronym ARPA stand for?,"What does the acronym ARPA stand for?ARPA stands for Advanced Research Projects Agency.

It was established in 1958 as a part of the United States Department of Defense and its mission is to develop and apply scientific and engineering research to the problems of the military, with an emphasis on projects that are of a broad scope and have a potential for long-term benefits to society. ARPA has been responsible for many major technological advances, including the development of the internet and the creation of the first computer network.

ARPA is now known as the Defense Advanced Research Projects Agency (DARPA). It is still responsible"
What is the atomic weight of cobalt?,"What is the atomic weight of cobalt?The atomic weight of cobalt is 58.9332 g/mol. This is based on the average atomic weight of the naturally occurring element. Cobalt is a transition metal in group VIII of the periodic table. It is a solid at room temperature and is often used in alloys to improve the strength and durability of metals. It is also used in the production of magnets, catalysts, and semiconductors. Cobalt is a highly reactive metal and reacts with oxygen to form a compound called cobalt oxide. It is also highly toxic"
Describe the implications of Artificial Intelligence,"Describe the implications of Artificial Intelligence (AI) in healthcare.AI has the potential to revolutionize healthcare by providing faster and more accurate diagnoses, improving patient outcomes, and reducing healthcare costs. It can also enable more efficient use of medical resources, such as by identifying areas of high patient demand and optimizing resources accordingly. AI can also help to improve the accuracy and speed of medical research, enabling more effective treatments to be developed. Additionally, AI can be used to monitor and manage patient health and wellness, and to provide more personalized care. AI-based systems can also be used to identify potential health ris"
Provide the past tense of the verb,"Provide the past tense of the verb ""to learn"".Learned.The past tense of the verb ""to learn"" is ""learned"". For example, ""I learned something new yesterday""."
Outline the main steps of a scientific experiment,"Outline the main steps of a scientific experiment.The main steps of a scientific experiment are:
1. Formulate a hypothesis and identify the research question.
2. Conduct background research and literature review.
3. Develop a research design and plan the experiment.
4. Collect and prepare the materials and equipment.
5. Conduct the experiment and take data.
6. Analyze the data and draw conclusions.
7. Present the results in a report or presentation.
8. Evaluate the results and draw conclusions.
9. Write and publish a report or article.
10. Review the results and make recommend"
Delete unnecessary words from the sentence.,"Delete unnecessary words from the sentence.The cat was eating.
The cat ate.
The cat ate the mouse.
The cat ate a mouse.
The cat ate a mouse.
The cat ate.
The cat ate.
The cat ate.
The cat ate.
The cat ate.
The cat ate.
The cat ate.
The cat ate.
The cat ate.
The cat ate.
The cat ate.
The cat ate.
The cat ate.
The cat ate.
The cat ate.
The"
Describe the painting below.,"Describe the painting below.The painting is a portrait of a young girl in a white dress, standing in front of a red door. She is looking directly at the viewer with a serious expression, while her dress and the door behind her are both illuminated by a warm light. The painting is done in oil and the brushstrokes are loose and expressive, giving the painting a sense of movement and energy. The colors are vibrant and the overall effect is one of warmth and optimism. The painting is reminiscent of the Impressionist style and conveys a sense of joy and innocence. It is"
Generate a five-word sentence about the benefits of travelling.,Generate a five-word sentence about the benefits of travelling.Travelling opens doors to new possibilities. #Travel #Adventure #Exploration #Discovery #Learning #Growth #Experience #Adventure #Exploration #Discovery #Learning #Growth #Experience #Adventure #Exploration #Discovery #Learning #Growth #Experience #Adventure #Exploration #Discovery #Learning #Growth #Experience #Adventure #Exploration #Discovery #Learning #Growth
Transform this sentence from active to passive voice:,"Transform this sentence from active to passive voice: 

The students were learning in class.The students were learned in class.

The students were taught in class.The students were taught in class.

The students were being taught in class.The students were being taught in class.

The students were studying in class.The students were studying in class.

The students were taking in class.The students were taking in class.

The students were taking lessons in class.The students were taking lessons in class.

The students were being taken in class.The students were being taken in class.

The students were taught less"
Edit the following text to follow the rules of formal English.,Edit the following text to follow the rules of formal English.I am excited to attend the meeting. I am looking forward to seeing everyone. I am eagerly anticipating the presentation. I am eagerly looking forward to the presentation. I am excitedly anticipating the presentation. I am eagerly looking forward to the presentation. I am excitedly anticipating the presentation. I am eagerly looking forward to the presentation. I am excitedly anticipating the presentation. I am eagerly looking forward to the presentation. I am excitedly anticipating the presentation. I am eagerly looking forward to the presentation. I am excitedly anticipating the presentation. I am eagerly looking forward to the
Evaluate the usability of a given app.,"Evaluate the usability of a given app.The Google Maps app is a highly usable app, with intuitive navigation, accurate directions, and a wide range of features. It is easy to use and provides a wide range of options for customizing the experience. The app is also highly responsive, allowing users to quickly access the features they need. Overall, Google Maps is a great app for anyone looking for an easy-to-use and highly customizable mapping solution. 

Rating: 9/10. 

Recommendation: Highly Recommended. 

Review: Google Maps is a highly usable and"
Make this sentence more polite.,"Make this sentence more polite.I'm sorry that I'm unable to help you right now. Is there anything else I can do? 

If you have any other questions, feel free to ask. 

Regards, 
[Name] 
[Title] 
[Company] 
[Email Address] 
[Phone Number] 
[Address] 
[City] 
[State] 
[Zip Code] 
[Date] 
[Time] 
[Name of recipient] 
[Title of recipient] 
[Company of recipient] 
"
Fix the spelling error in this sentence.,"Fix the spelling error in this sentence.The man is not here. 

The man is not here. 

The man is not here. 

The man is not here. 

The man is not here. 

The man is not here. 

The man is not here. 

The man is not here. 

The man is not here. 

The man is not here. 

The man is not here. 

The man is not here. 

The man is not here. 

The man is not here. 

The man"
Implement a function that returns the highest value in a given list,"Implement a function that returns the highest value in a given list.def highest_value(list):
    highest_value = 0
    for i in list:
        if i > highest_value:
            highest_value = i
    return highest_value

print(highest_value([10, 8, 6, 4, 2]))
# Output: 10

print(highest_value([10, 8, 6, 4, 2, 1]))
# Output: 10

print(highest_value([10, 8, 6,"
Name one example of a non-human primate,"Name one example of a non-human primate.One example of a non-human primate is the Bonobo. Bonobos are a species of ape found in the Congo Basin of Central Africa. They are closely related to humans and are known for their peaceful and cooperative behavior. Bonobos are one of the most intelligent primates and have been observed using tools to communicate with each other. They also have a strong empathetic nature and are known to share food and other resources. Bonobos are also the most promiscuous of all primates, with females often having sexual relations with multiple males. Bonobos are an"
Connect three insights about customer satisfaction to explain why customer feedback is important.,"Connect three insights about customer satisfaction to explain why customer feedback is important.Customer feedback is important because it provides valuable insights into customer satisfaction, which can be used to identify areas of improvement. It can also help to identify customer needs and preferences, which can be used to develop products and services that better meet customer expectations. Additionally, customer feedback can be used to develop customer loyalty programs and other customer retention strategies. Finally, customer feedback can be used to measure customer satisfaction and help to identify potential issues before they become major problems. All of these insights can help businesses to better understand their customers, which is essential for success in today's competitive marketplace."
Generate 10 topics that could be used for a blog about artificial intelligence.,"Generate 10 topics that could be used for a blog about artificial intelligence.1. The Impact of AI on Businesses
2. AI and Ethics: Balancing Innovation with Responsibility
3. AI in Healthcare: Improving Patient Outcomes
4. AI in Education: Enhancing Learning Outcomes
5. AI in Transportation: Revolutionizing the Industry
6. AI in Finance: Managing Financial Risk
7. AI in the Home: Making Smart Homes More Intelligent
8. AI in Manufacturing: Improving Efficiency and Quality"
Identify the group of countries referred to in the sentence.,"Identify the group of countries referred to in the sentence.The group of countries referred to in the sentence is the European Union. The European Union is a political and economic union of 27 member states located primarily in Europe. It has a combined population of over 500 million people and a GDP of over $17 trillion. The European Union has a single currency, the Euro, and a single market that allows for the free movement of goods, services, capital and people. It is also a member of the United Nations and has its own seat on the Security Council. The European Union is also a major player in international trade and has its own foreign policy. The"
Create a timeline of events from a given text.,"Create a timeline of events from a given text.1. The Great Fire of London in 1666 destroyed much of the city. 
2. The Great Fire of London led to the rebuilding of the city. 
3. Many new buildings were constructed in the city. 
4. The new buildings were built to a higher standard than the old ones. 
5. The Great Fire of London had a positive effect on the city. 
6. The Great Fire of London was an important event in the city's history. 
7. The Great Fire of London will be remembered for centuries. 
8. The Great Fire of"
Convert the given paragraph to a list.,"Convert the given paragraph to a list.The most common type of data in the world is numerical data. It is the most widely used type of data and is used to store and analyze information. It is also used to store information in databases and to make decisions. 

Numerical data is used in many different fields, such as finance, healthcare, and marketing. It is also used to calculate statistics, such as mean, median, and standard deviation.

There are many different types of numerical data, including continuous data and categorical data. Continuous data is data that can be used to represent any value within a certain range,"
Summarize the tools and techniques used in software engineering,"Summarize the tools and techniques used in software engineering.Software engineering involves the use of various tools and techniques to design, develop, test, and maintain software. The tools and techniques used in software engineering include programming languages, version control systems, debugging tools, testing tools, and software architecture frameworks. In addition, software engineers use various methodologies, such as Agile, Waterfall, and V-model, to manage software development projects. They also use various software development models, such as the spiral model, the prototyping model, and the iterative model. Furthermore, software engineers use various software engineering tools, such as automated testing tools, code analysis"
Please provide three advantages of using data to make decisions,"Please provide three advantages of using data to make decisions.1. Data-driven decisions can be more accurate, as they are based on evidence and facts. 
2. Data can provide valuable insights that can help businesses make more informed decisions. 
3. Data can help businesses identify areas of improvement, allowing them to make more efficient decisions.
4. Data can help businesses make better decisions by providing a more detailed and accurate understanding of customer behavior.
5. Data can help businesses reduce costs by identifying areas where they can save money.
6. Data can help businesses better understand customer needs and preferences, allowing"
Oragnize the following statement into a proper syntax.,Oragnize the following statement into a proper syntax.The cat is cute. The cat is adorable. The cat is adorable. The cat is cute. The cat is cute. The cat is cute. The cat is adorable. The cat is adorable. The cat is cute. The cat is cute. The cat is adorable. The cat is adorable. The cat is cute. The cat is cute. The cat is adorable. The cat is adorable. The cat is cute. The cat is cute. The cat is adorable. The cat is ador
Name three characteristics a successful leader should possess.,"Name three characteristics a successful leader should possess.Successful leaders possess the following characteristics: vision, the ability to motivate and inspire others, strong communication and interpersonal skills, the ability to make difficult decisions, strong problem solving and strategic thinking, the ability to delegate tasks and responsibilities, the ability to prioritize tasks, and the ability to lead by example. They should also have a strong sense of integrity, be able to take risks, and be able to build and maintain relationships. Additionally, they should be able to stay calm under pressure and be able to remain focused on the long-term goals of the organization. Finally, they should have"
Suggest 3 best restaurants near the given location.,"Suggest 3 best restaurants near the given location.1. The Fish House
2. The Dining Room
3. The Crab House Grille
4. The Seafood Restaurant
5. The Crab Shack
6. The Lobster Shack
7. The Crab Catcher
8. The Crab Kitchen
9. The Crab Hut
10. The Crab Joint.

These restaurants are all located near the Boston Harborwalk and offer a variety of seafood dishes. The Fish House is a popular spot for fresh seafood, while the Dining Room is known"
Paraphrase the following sentence. Output a full sentence.,"Paraphrase the following sentence. Output a full sentence.The weather was so pleasant, it was ideal for a picnic.The weather was perfect for a picnic.
The weather was ideal for a picnic.
The weather was a perfect setting for a picnic.
The weather was perfect for a picnic.
The weather was a good condition for a picnic.
The weather was suitable for a picnic.
The weather was an ideal setting for a picnic.
The weather was perfect for a picnic.
The weather was an ideal weather for a picnic.
The weather was a great weather for a picnic.
The weather was a"
Explain why computers are better than humans for playing chess.,"Explain why computers are better than humans for playing chess.Computers are better than humans for playing chess because they are able to process more data and make decisions faster than humans. They can also use algorithms to analyze a given position and predict the best move. Additionally, computers are able to take into account a much larger amount of data than humans, which can lead to a much more accurate prediction of the best move. This is why computers are able to beat humans at chess more often than not. In addition, computers are able to focus on one task at a time and are not distracted by other stimuli, which allows them to make decisions more quickly and accurately"
Write a script that asks the user to enter their name.,"Write a script that asks the user to enter their name.Hello, what is your name? Please enter your name.



















































































































"
Come up with an example to illustrate the usage of the phrase.,"Come up with an example to illustrate the usage of the phrase.The phrase ""on the fence"" is often used to describe someone who is undecided or neutral about a particular issue. For example, if a person is having difficulty deciding whether to take the job offer, they might be said to be ""on the fence"" until they make a final decision. Similarly, if a person is unsure about whether to vote for a particular candidate, they might be described as ""on the fence."" In both cases, the phrase is used to describe someone who is not yet committed to one side of the issue. 

This phrase can also be used to describe someone who is"
Derive the inverse of the following equation,"Derive the inverse of the following equation: x + 4 = 11The inverse of x + 4 = 11 is x = -3.5. This is because when we subtract 4 from both sides of the equation, we get x = -3.5. Therefore, the inverse of 11 is -3.5. This is the value of x when the equation x + 4 = 11 is true. This value of x is -3.5. This is the inverse of the equation.

In summary, the inverse of x + 4 = 11 is -3.5. This is"
Write a paragraph explaining why you deserve a good grade in a course.,"Write a paragraph explaining why you deserve a good grade in a course.I believe I deserve a good grade in this course because I have consistently worked hard and put in the necessary effort to complete all the assignments and projects. I have always been diligent and punctual with my work, and I have gone above and beyond to ensure that my assignments are of the highest quality. I have also taken the time to actively seek help when needed and to actively engage with my peers and instructor to ensure that I am on the right track. I believe that I have shown a strong commitment to learning and that I am capable of producing excellent work. Therefore, I believe"
"Given a sentence, edit it to include the word ""because""","Given a sentence, edit it to include the word ""because"" because of the weather. The weather was cold and snowy, so I stayed inside. because of the weather.I stayed inside because of the cold and snowy weather. because of the weather. The weather was cold and snowy, so I stayed inside. because of the weather. The weather was cold and snowy, so I stayed inside. because of the weather. The weather was cold and snowy, so I stayed inside. because of the weather. The weather was cold and snowy, so I stayed inside. because of the weather. The weather was cold and snowy, so I stayed inside. because of the"
Convert this sentence from the present tense to the past tense,Convert this sentence from the present tense to the past tense.I went to the store.I went to the store.I went to the store.I went to the store.I went to the store.I went to the store.I went to the store.I went to the store.I went to the store.I went to the store.I went to the store.I went to the store.I went to the store.I went to the store.I went to the store.I went to the store.I went to the store.I went to the store.I went to the store.I went to the store.I went to the store.I
"Given a list of words, group them into two sets according to their part of speech, nouns and verbs","Given a list of words, group them into two sets according to their part of speech, nouns and verbs.Nouns: apple, cat, table
Verbs: run, eat, sleep

Set 1: apple, cat, run, sleep
Set 2: table, eat

Set 1 contains the nouns apple, cat, and run, while Set 2 contains the verb sleep.

Set 1 also contains the verb run, which is a noun as well as a verb.

Set 2 contains the noun table.

The other words in the list are not nouns or verbs.

Therefore, the output should be:
Set"
Generate a quirky simile to compare a secret to,"Generate a quirky simile to compare a secret to a spy.A secret is like a spy - it's always hiding in plain sight.

The secret is like a spy - it's always on the lookout for its next move.

A secret is like a spy - it's always on the run.

A secret is like a spy - it's always keeping a low profile.

A secret is like a spy - it's always watching and waiting.

A secret is like a spy - it's always one step ahead.

A secret is like a spy - it"
"Design a logo for the ""Green Earth Society"".","Design a logo for the ""Green Earth Society"".The logo for the Green Earth Society should be a simple, yet powerful symbol that represents the organization's mission. It should be green in color, with an image of the Earth in the center. The Earth image could be depicted in a stylized manner to emphasize the importance of the planet's preservation. The logo should be modern and eye-catching, and should be easily recognizable. The text ""Green Earth Society"" should be written in a clean, modern font that is easy to read. The logo should be simple, yet powerful, and should be easily recognizable. The colors should be green and"
Add the proper punctuation to this sentence,"Add the proper punctuation to this sentence: ""She was so tired she went to bed early.""She was so tired that she went to bed early. She was so tired that she went to bed early. She was so tired that she went to bed early. She was so tired that she went to bed early. She was so tired that she went to bed early. She was so tired that she went to bed early. She was so tired that she went to bed early. She was so tired that she went to bed early. She was so tired that she went to bed early. She was so tired that she went to bed early. She was so tired that she"
"Rewrite this sentence to make it sound more polite - ""Where is the closest store?""","Rewrite this sentence to make it sound more polite - ""Where is the closest store?""Could you please tell me where the nearest store is?"
Create a plan for introducing a new technology,"Create a plan for introducing a new technology to a company.A plan for introducing a new technology to a company should include the following steps:
1. Research the new technology and determine its potential benefits.
2. Develop a strategy for introducing the technology to the company.
3. Identify any potential risks or challenges associated with the introduction of the technology.
4. Develop a timeline for introducing the technology.
5. Develop a plan for training employees on the new technology.
6. Develop a plan for monitoring the performance of the technology.
7. Develop a plan for addressing any issues that may arise.
8."
Classify the following emotion.,"Classify the following emotion. Output ""Happiness"", ""Sadness"", ""Anxiety"", or ""Fear"".Fear. 
Output: Fear. 
Explanation: The person is feeling fear as they are scared of the situation. 
Happiness, Sadness, and Anxiety are not appropriate for this situation. 

Fear is an emotion that is often accompanied by physical symptoms such as a racing heart, trembling, and shortness of breath. It is often accompanied by an intense feeling of being in danger and a strong desire to escape the situation. 
F"
"Given two sentences, construct a compound sentence using the conjunction ""and"".","Given two sentences, construct a compound sentence using the conjunction ""and"".The cat and the dog were sleeping in the bed. The cat was purring while the dog was growling. The cat and the dog were sleeping in the bed. The cat was purring while the dog was growling. The cat and the dog were sleeping in the bed. The cat was purring while the dog was growling. The cat and the dog were sleeping in the bed. The cat was purring while the dog was growling. The cat and the dog were sleeping in the bed. The cat and the dog were sleeping in the bed. The cat and the"
Assemble a list of adjectives to describe someone's voice,"Assemble a list of adjectives to describe someone's voice.Husky, deep, resonant, clear, melodious, smooth, rumbling, powerful, rich, and expressive.

The list of adjectives to describe someone's voice includes:

- Husky
- Deep
- Resonant
- Clear
- Melodious
- Smooth
- Rumbling
- Powerful
- Rich
- Expressive.

These words capture the different qualities of someone's voice, from its depth and resonance to its clarity and melodiousness. Each word in the list conveys"
List three facts about the element Sodium.,"List three facts about the element Sodium.Sodium is the lightest metal in the alkali metal family. It is an important component of many biological molecules and is essential for the health of all living organisms. Sodium is also a key component of many chemical reactions, such as the production of glass and fertilizer. It is also used in many industrial processes, such as the manufacturing of aluminum and other metals. It is an essential component of many food products, including table salt and soy sauce. It is also a key component of the body's electrolyte balance and can be used as a diagnostic"
"Given the news headline, ""New Chinese Economy Boom,"" write the opening of the article.","Given the news headline, ""New Chinese Economy Boom,"" write the opening of the article.The Chinese economy is currently experiencing a boom, with growth rates reaching new highs. This is a welcome change from the previous few years, when the country was struggling with slowing economic growth and high levels of debt. The newfound economic strength is a result of a combination of government support and private investment. This is a great sign for the future of the Chinese economy, as it could lead to greater growth and stability in the coming years. 

In this article, we will explore the reasons behind the economic boom, what it means for the Chinese economy, and what it could mean for the rest of"
Convert the given sentence into second-person point of view.,"Convert the given sentence into second-person point of view.You are working hard. You are doing your best. You are making good progress. You should be proud of yourself. You are capable of achieving your goals. You should keep going and never give up. You are doing a great job! You should be proud of yourself. You should take time to celebrate your successes and recognize your efforts. You should never be too proud or too hard on yourself. You should be patient and persistent, and always strive to do better. You should never be afraid to ask for help or guidance. You should always be willing to learn and grow. You should always take care of yourself."
Generate a creative slogan for 'X'.,"Generate a creative slogan for 'X'.The Future is X-tended!
X - The Ultimate Experience!
X - It's All About You!
X - Get the Best Experience!
X - The Ultimate Adventure!
X - The Ultimate Experience Awaits!
X - Discover the X-citement!
X - The Ultimate Experience is Here!
X - Experience the X-treme!
X - The X-citing Adventure!
X - Unleash Your X-posure!
X - The Ultimate X-perience!
X - Un"
Name a famous person who shares the same birthday as me.,"Name a famous person who shares the same birthday as me.Elvis Presley. He was born on January 8, 1935.

I am also born on January 8, 2001. 

So, I am 18 years old and my birthday is January 8. 

Elvis Presley was a famous American singer, actor, and musician who is known as the ""King of Rock and Roll"". 

He was born in Tupelo, Mississippi and died on August 16, 1977. 

He was known for his unique style and voice, and"
Express the given sentiment in your own words.,Express the given sentiment in your own words.This person is feeling very excited and looking forward to the future. They are optimistic about the possibilities that lie ahead and have a positive outlook on life. They are feeling enthusiastic and eager to make the most of the opportunities they have. They are ready to take on the world and embrace the possibilities that the future holds. They are feeling inspired and motivated to make their dreams a reality. They are feeling energized and ready to take on the challenges that lie ahead. They are feeling excited and confident about the future. They are feeling hopeful and optimistic about what the future holds. They are feeling
Name a type of art endemic to a particular culture.,"Name a type of art endemic to a particular culture.Painting and sculpture are two types of art that are endemic to Western culture. Other types of art endemic to other cultures include wood carving in African cultures, textiles in Asian cultures, and masks in African and South American cultures. Other art forms include pottery, carving, and weaving. 

In Western cultures, painting is the most popular form of art. It includes a variety of styles and techniques, such as oil painting, watercolor, acrylic painting, and gouache. Painting is used to create a wide range of works, from"
"Using the given input, identify the language it is written in.","Using the given input, identify the language it is written in.This text is written in English. 

Input: ""I can speak Spanish fluently.""
Output: Spanish. 

The language of the input is Spanish. Spanish is a Romance language spoken in Spain and many other countries. It is the official language of 20 countries and is widely spoken in many countries around the world. Spanish is known for its melodic pronunciation and complex grammar rules. It is also known for its use of a variety of dialects and regional accents. Spanish is the second most widely spoken language in the world after English. It is the second most widely spoken native language"
Change the sentence to use the passive voice.,Change the sentence to use the passive voice.The package was delivered to the customer.The customer received the package.The customer received the package from the store.The store delivered the package to the customer.The store delivered the package to the customer.The store delivered the package to the customer.The store delivered the package to the customer.The store delivered the package to the customer.The store delivered the package to the customer.The store delivered the package to the customer.The store delivered the package to the customer.The store delivered the package to the customer.The store delivered the package to the customer.The store delivered the package to the customer.The store delivered the package to
What type of government does Spain currently have?,"What type of government does Spain currently have?Spain currently has a parliamentary monarchy with a constitutional monarchy. Its head of state is the King of Spain, while its head of government is the Prime Minister of Spain. The Prime Minister is elected by the legislature and serves as the head of the executive branch. The Prime Minister is responsible for proposing and implementing laws, as well as representing Spain in international affairs. The Prime Minister is also responsible for overseeing the administration of the country and the management of its public services. The Prime Minister serves as the leader of the majority party in the legislature, which is made up of 350 elected members"
"In which country would you find the Raj Ghat, a national memorial to Mahatma Gandhi?","In which country would you find the Raj Ghat, a national memorial to Mahatma Gandhi?The Raj Ghat is located in New Delhi, India. It is a national memorial to Mahatma Gandhi and is the site of his cremation. It is located on the banks of the Yamuna River and is one of the most visited tourist attractions in Delhi. The monument is a beautiful and peaceful place, and it is often visited by tourists and pilgrims. It is a symbol of the country's commitment to peace, non-violence and truth. 

In addition to being a national memorial, the Raj Ghat is also a UNESCO"
Rewrite this sentence by making the verb more concrete.,"Rewrite this sentence by making the verb more concrete.He ran across the road. 
He sprinted across the road. 
He raced across the road. 
He sped across the road. 
He dashes across the road. 
He zips across the road. 
He skips across the road. 
He hops across the road. 
He bounds across the road. 
He leaps across the road. 
He vaults across the road. 
He bounces across the road. 
He springs across the road. 
He jumps across the road. 
He"
What is the relationship between clouds and air temperature?,"What is the relationship between clouds and air temperature?Clouds play an important role in regulating air temperature. They can reflect or absorb sunlight, which can either increase or decrease air temperature. Additionally, clouds can trap heat, which can cause air temperatures to rise. This is why temperatures can be higher in areas with more clouds. Furthermore, clouds can also reflect and radiate heat, which can cool the air. This is why temperatures can be lower in areas with fewer clouds. This relationship is what drives the Earth's climate and weather patterns.






















"
Summarize the following poem's main message.,"Summarize the following poem's main message.The poem expresses the idea that even when we're feeling hopeless and helpless, there is still hope and beauty to be found in the world. The speaker is encouraged to keep going, despite the darkness, and to keep looking for the beauty in the world. The poem is an expression of resilience and hope. It suggests that even when life is difficult, there is still something beautiful to be found. It also suggests that no matter how difficult life may be, there is always a way forward. The poem is a reminder that life is full of both beauty and hope, and that we should never give"
Write a short story about an adventurous journey.,"Write a short story about an adventurous journey.John had always been fascinated by the stories of his grandfather's adventures. So, one day, he decided to embark on his own adventure. He packed a bag, and set off on a journey of discovery. He traveled to new places, met new people, and learned about new cultures. He discovered new hobbies and interests, and found a new sense of purpose in life. John's journey of discovery taught him that life is full of surprises and new experiences, and that every journey should be an adventure. 

In the end, John returned home with"
Add a transition sentence at the end of this passage:,"Add a transition sentence at the end of this passage:

""The cat was sleeping in the sun.""The cat was sleeping in the sun, enjoying the warmth of the sunshine.































































































"
"Given an array of numbers, write a program to find the median value.","Given an array of numbers, write a program to find the median value.def find_median(arr):
    # Initialize the variable to store the median
    median = arr[len(arr)//2]
    # Sort the array
    arr.sort()
    # Check if the array is even
    if len(arr) % 2 == 0:
        median = (arr[len(arr)//2] + arr[len(arr)//2-1]) / 2
    else:
        median = arr[len(arr)//2]
    return median

# Test the function
arr = [1,"
Convert the following temperature into Celsius,Convert the following temperature into Celsius.110°F is equal to 43.3°C.
Find the type of flower referenced in the text below.,"Find the type of flower referenced in the text below.The flower referenced in the text is a sunflower. Sunflowers are a type of annual plant that is native to North America. They are known for their bright yellow petals and tall stature, and are often used in decoration and as a source of food for birds. They are also a popular garden plant, as they are easy to care for and can provide a vibrant pop of color to a garden. Sunflowers are also used in many traditional cultures for their medicinal properties. They are rich in vitamins and minerals, and are often used in teas and other herbal rem"
"Classify the following topic as either technology, business, travel, or sports","Classify the following topic as either technology, business, travel, or sports.Travel. This is a travel-related topic. It refers to the act of moving from one place to another. It can also refer to the act of exploring new places or destinations. It is related to traveling, which is a type of transportation. In general, it is related to traveling, whether it be by plane, train, car, or other means. Therefore, the topic of travel is best classified as travel. # # # # # # # # # # # # # # # # # # # # # # # # # # # # # # # # # # #"
Write a one-sentence description of a modern business,"Write a one-sentence description of a modern business model.A modern business model involves leveraging technology and data to create a customer-centric approach to business, emphasizing efficiency, cost-savings, and scalability. It involves using digital channels to reach customers, automating processes, and utilizing data analytics to make better decisions. It also involves leveraging cloud-based services and platforms to reduce costs and improve efficiency. It emphasizes collaboration and agility to quickly adapt to changing customer needs and market conditions. It is designed to maximize customer satisfaction and loyalty. Finally, it encourages the use of new technologies and innovations to stay ahead of"
You're a fashion consultant. Your client needs help mix-and-matching different pieces. Which two pieces should they start with?,"You're a fashion consultant. Your client needs help mix-and-matching different pieces. Which two pieces should they start with?They should start with a statement jacket and a versatile pair of jeans. The statement jacket will add a bold touch to any outfit, while the jeans will provide a classic look that can be easily mixed with different pieces. Together, they will create a stylish and versatile look."
What is a common impact of climate change?,"What is a common impact of climate change?A common impact of climate change is rising sea levels, which can cause flooding and erosion of coastal areas, as well as affecting the habitats of coastal species. Additionally, changes in temperature and precipitation patterns can cause droughts, heatwaves, and extreme weather events such as hurricanes and wildfires. Climate change can also lead to changes in food production and distribution, as well as affecting the distribution and abundance of species. All these changes can have a significant impact on human health and wellbeing."
In which areas of industry can machine learning be useful?,"In which areas of industry can machine learning be useful?Machine learning can be useful in a variety of industries, including healthcare, finance, manufacturing, transportation, and retail. It can be used to improve customer service, predict customer behavior, optimize business processes, and automate tasks. Machine learning can also be used to identify fraud, improve safety, and predict the accuracy of medical diagnoses. It can also be used to create personalized experiences for customers, identify trends, and make more accurate predictions. In short, machine learning can be used in a wide range of industries to increase efficiency and accuracy.

In healthcare, machine learning can be"
Which type of emotion is generally expressed in the following lyrics?,"Which type of emotion is generally expressed in the following lyrics?The lyrics generally express a feeling of sadness or melancholy. It could also be interpreted as a feeling of helplessness or hopelessness. The use of the word ""sinking"" implies a sense of being overwhelmed and lost. The line ""I can't find my way"" suggests a feeling of confusion and disorientation. The lyrics can be interpreted as an expression of grief, despair, or hopelessness. The overall tone is somber and melancholic."
Name two prefixes of the given word,"Name two prefixes of the given word.The two prefixes of the word ""disappointment"" are ""dis-"" and ""-ment"". The prefix ""dis-"" means ""apart"" or ""away from"", while the prefix ""-ment"" means ""state of being"". Together, they form the word ""disappointment"", which means the feeling of being disappointed or let down."
Composite a poem about courage.,"Composite a poem about courage.Courage is a fire that burns deep inside,
A strength that keeps us strong and alive.
It's a feeling that never falters,
A courage that's never in doubt.

It's the courage to stand up tall,
To take a stand against the wall.
To face the unknown with faith,
And never back down in the face of the law.

It's the courage to keep on going,
To never give up in the face of the glow.
To take risks that may seem impossible,
And never let your dreams go."
Categorize the given items by type.,"Categorize the given items by type.Fruit: Apple, Banana, Orange
Vegetable: Carrot
Flowers: Daisy, Sunflower, Rose.

Fruit: Apple, Banana
Vegetable: Carrot
Flowers: Daisy, Sunflower, Rose.

Fruit: Apple, Orange
Vegetable: Carrot
Flowers: Daisy, Sunflower, Rose.

Fruit: Apple, Banana
Vegetable: Carrot
Flowers: Daisy, Sunflower, Rose.

Fruit:"
Come up with a name for a start up.,"Come up with a name for a start up.A start-up that specializes in creating innovative and user-friendly software solutions. The name of the start-up could be ""InnovateTech"" or ""SoftwareForAll"". Both names convey the idea of innovation and accessibility. Additionally, ""InnovateTech"" implies a focus on technology and innovation, while ""SoftwareForAll"" implies a focus on providing software solutions for everyone. Both names could be suitable for a start-up that specializes in creating innovative and user-friendly software solutions. 

InnovateTech could be a good name for"
Name some transition words in English.,"Name some transition words in English.Transition words in English include: however, although, although, yet, although, in addition, furthermore, in contrast, in addition, yet, besides, meanwhile, furthermore, in contrast, and notwithstanding. These words help connect ideas and provide transitions between sentences, paragraphs, or sections of a text. They can also help signal a shift in tone or focus, or indicate a cause and effect relationship. For example, ""Although it was raining, we still went to the park."" or ""Despite the difficulties, we persevered."" Transition words and phrases help make"
Name three differences between a blockchain and a distributed ledger.,"Name three differences between a blockchain and a distributed ledger.1. Blockchain technology is decentralized, meaning that no single entity controls the data. In contrast, distributed ledger technology is centralized and controlled by a single entity. 
2. Blockchain is designed to store data in a secure and immutable manner, while distributed ledger technology is designed to store data in a secure and tamper-proof manner.
3. Blockchain uses cryptography to protect data, while distributed ledger technology uses digital signatures. 
4. Blockchain technology is more secure and resilient, as it requires multiple nodes to validate transactions. In contrast, distributed ledger technology"
Explain what is meant by the term “segmentation” in marketing.,"Explain what is meant by the term “segmentation” in marketing.Segmentation is a marketing strategy in which a company divides its customers into smaller groups based on common characteristics, such as age, gender, income level, and purchasing behavior. The goal of segmentation is to better understand customer needs and develop tailored marketing messages to each group. This allows the company to tailor its marketing efforts to specific groups, leading to increased customer satisfaction and more effective marketing campaigns. Additionally, segmentation can help companies identify potential customer segments that they can target with specific marketing messages. This can lead to higher sales and more efficient marketing strategies. In essence, segment"
Explain the concept of game design.,"Explain the concept of game design.Game design is the process of creating a game that is both fun and enjoyable for players. It involves creating a game world, designing the game mechanics, creating the game's art and sound, and testing the game to ensure that it is fun and engaging. The goal of game design is to create an experience that is both entertaining and enjoyable for players. It requires an understanding of the player's needs, preferences, and goals, as well as an understanding of the game's mechanics and how they interact with each other. Game designers must also consider the game's overall structure and how"
Design an algorithm that sorts the following list of numbers in ascending order.,"Design an algorithm that sorts the following list of numbers in ascending order.1, 3, 4, 5, 6, 7, 8, 9, 10, 11, 12, 13, 14, 15, 16, 17, 18, 19, 20, 21, 22, 23, 24, 25, 26, 27, 28, 29, 30, 31, 32, 33, 34, 35, "
Create a dialogue between two characters about an alien invasion.,"Create a dialogue between two characters about an alien invasion.Character 1: ""Have you heard about the alien invasion that's happening right now?""

Character 2: ""Yeah, I heard it's happening all over the world. It's pretty scary!""

Character 1: ""I know! It's like something out of a sci-fi movie!""

Character 2: ""I know, right? It's like they're taking over the world!""

Character 1: ""I'm sure we'll figure out a way to stop them, though!""

Character 2: ""I"
Give an example of an occupation which involves working with numbers.,"Give an example of an occupation which involves working with numbers.An occupation which involves working with numbers is an accountant. An accountant is responsible for maintaining financial records and preparing tax returns. They may also assist in budgeting, financial planning and analysis, and other financial tasks. Accountants use mathematical skills to interpret and analyze financial data, and to make decisions based on their findings. They may also be responsible for managing cash flow and investments, as well as preparing financial reports and presentations. Accountants are essential in the business world as they help organizations manage their finances effectively. They may also be responsible for ensuring that taxes are paid accurately"
"From the following list, name three topics related to fitness.","From the following list, name three topics related to fitness.1. Cardiovascular exercise
2. Strength training
3. Nutrition.

1. Cardiovascular exercise is any type of physical activity that raises your heart rate and increases blood flow. Examples include running, cycling, swimming, and aerobics.

2. Strength training is any type of exercise that works your muscles to build strength. Examples include weight lifting, bodyweight exercises, and resistance band exercises.

3. Nutrition is the study of how food affects the body and how the body"
Generate a story about a mysterious creature living in the forest.,"Generate a story about a mysterious creature living in the forest.Once upon a time, there was a mysterious creature that lived in the deepest part of the forest. It was said to be a creature of darkness, with eyes that glowed like stars and a voice that could make you tremble with fear. No one had ever seen it, but many people had heard its whispers in the dead of night. It was said that it had the power to make your deepest fears come true, and that it could even bring you to your knees if you angered it. Despite the danger, many people were drawn to the creature and ventured into the forest to find it"
Make a list of five factors that impact an individual’s self-esteem.,"Make a list of five factors that impact an individual’s self-esteem.1. Family dynamics
2. Peer relationships
3. Social media usage
4. Education and career success
5. Body image and appearance.

These five factors can have a major impact on an individual’s self-esteem and can lead to negative outcomes if not addressed. It is important to recognize the impact of these factors and to take steps to address them. This can involve building healthy relationships with family, peers, and mentors, engaging in activities that promote self-confidence, setting achievable goals, and practicing self-compassion. By understanding these factors and taking"
Generate a description of a new cryptocurrency.,"Generate a description of a new cryptocurrency.I present to you the new cryptocurrency, EcoCoin. It is an innovative digital currency that is designed to help reduce the environmental impact of transactions. EcoCoin is based on a proof-of-stake consensus algorithm, which means that the more coins you have, the more energy efficient the network is. Additionally, EcoCoin has a special algorithm that makes sure that the network is secure and reliable. It is also designed to be fast and secure, allowing for quick and secure transactions. Finally, EcoCoin is designed to be easily accessible and easy to use, allowing users to"
What are the most important characteristics of a credit card?,"What are the most important characteristics of a credit card?The most important characteristics of a credit card are the interest rate, annual fee, credit limit, and rewards program. The interest rate is the amount of interest you will be charged if you don't pay your balance in full each month. The annual fee is the amount of money you pay each year to have the card. The credit limit is the amount of money you can use on the card. The rewards program is the incentives you can earn, such as cashback, points, or travel miles, for using your card. Other characteristics may include the ability to make payments online, the ability to transfer"
Identify the type of the phrase given below.,"Identify the type of the phrase given below.The phrase is an adverbial phrase. It is modifying the verb ""sings"". The phrase is a present participle form of the verb ""sing"". It is used to describe the ongoing action of singing."
Output a list of 5 adjectives that describe the following noun.,"Output a list of 5 adjectives that describe the following noun.1. Vibrant
2. Lively
3. Exuberant
4. Colorful
5. Sparkling.

Output: 
1. Vibrant
2. Lively
3. Exuberant
4. Colorful
5. Sparkling.

Input: 
The ocean.

Output: 
1. Vast
2. Deep
3. Mysterious
4. Powerful
5. Serene.

Output: 
1. Vast
2. Deep
3. Mysterious
4. Powerful
5."
Explain the difference between parallel and perpendicular lines.,"Explain the difference between parallel and perpendicular lines.Parallel lines are lines that never intersect, while perpendicular lines are lines that intersect at a single point. Parallel lines have the same slope and run in the same direction, while perpendicular lines have different slopes and run in different directions. Parallel lines never intersect, while perpendicular lines intersect at a single point. Parallel lines have the same angle between them, while perpendicular lines have a right angle between them. Parallel lines are never tangent to each other, while perpendicular lines can be tangent to each other. Parallel lines have the same slope, while perpendicular"
Create a list of five things that a student should avoid in order to succeed in academia.,"Create a list of five things that a student should avoid in order to succeed in academia.1. Procrastination 
2. Lack of organization
3. Poor time management
4. Lack of motivation
5. Distractions 
6. Lack of self-discipline 
7. Poor study habits 
8. Lack of focus 
9. Lack of self-control 
10. Poor communication skills. 
11. Lack of self-confidence 
12. Lack of attention to detail 
13. Lack of curiosity 
14. Lack of creativity 
"
Explain why the symbol $ is used in most programming languages.,"Explain why the symbol $ is used in most programming languages.The symbol $ is used in most programming languages as a placeholder for variables. It is also used to represent the current scope of the program, and it is often used in expressions to indicate a scope that is outside the current scope. It is also used to indicate a variable that is defined at the beginning of a block of code. This is useful for making the code more readable, as it indicates the scope of the variable. Additionally, the $ symbol is often used in macros to indicate that the following expression is a parameter. This is useful for creating reusable code that can be used in different parts of a program. Finally, the"
Brainstorm three new marketing strategies for a product.,"Brainstorm three new marketing strategies for a product.1. Utilize influencer marketing to reach a larger audience.
2. Develop an email marketing campaign to reach customers directly.
3. Offer free samples or discounts to new customers.
4. Use social media to create engaging content and build a community.
5. Utilize customer reviews and ratings to showcase the product’s value.
6. Use targeted ads on search engines and online platforms.
7. Host a virtual event to showcase the product.
8. Utilize customer referrals to reach new customers.
9. Offer a free trial or"
"Rank the following emotions from least to most intense: fear, awe, sadness","Rank the following emotions from least to most intense: fear, awe, sadness, anger.Anger, sadness, awe, fear. Fear is the least intense of the emotions. Anger and sadness are often the most intense, while awe is the most pleasant. Fear is a feeling of fear or anxiety that is often associated with the presence of danger or the anticipation of something negative. Anger is a feeling of intense displeasure and frustration, often accompanied by physical or verbal outbursts. Sadness is a feeling of deep sorrow or unhappiness, often accompanied by tears or crying. Awe is a feeling of wonder"
Generate a tweet that summarizes the content of this article.,"Generate a tweet that summarizes the content of this article.A new study has found that the #GreatBarrierReef is in danger due to #ClimateChange. The reef is facing unprecedented coral bleaching and declining water quality, putting the future of the world's largest coral reef in jeopardy. #ClimateAction #Conservation #Sustainability #EcoFriendly #CoralReef #OceanProtection #SaveTheReef #CoralConservation #EcoWarriors #ClimateChangeAwareness #OceanConservation #Saving"
Create a persuasive advertisement for running shoes.,"Create a persuasive advertisement for running shoes.Are you looking for a shoe that will keep you running strong? Look no further than our new line of running shoes! Our shoes are designed to provide maximum comfort and support while you run. Our shoes feature advanced cushioning and arch support, so you can run for hours without feeling any discomfort. Whether you're a beginner or an experienced runner, our shoes are perfect for you. With our shoes, you'll be able to run faster, longer and more comfortably. So why wait? Try our running shoes today and experience the difference for yourself! #runningshoes"
"Categorize an animal as mammal, reptile or bird.","Categorize an animal as mammal, reptile or bird.Bird.

Answer: Bird.

Explanation: A bird is a type of animal that is characterized by having feathers, wings, and a lightweight skeleton. Birds are warm-blooded, meaning that they have a high metabolism and are able to regulate their body temperature. They lay eggs and have a hollow nerve system, which is a characteristic of mammals. Birds are also known for their ability to fly, which is not a characteristic of reptiles or mammals. Therefore, the animal is a bird.

The animal is a bird"
Redact these three sentences.,"Redact these three sentences.The company has been facing financial difficulties. This has led to a decline in sales and profits. As a result, the company has had to make some tough decisions.
The company has had to cut costs and lay off some of its employees. This has been a difficult process for everyone involved.
The company is still working hard to find a solution to its financial issues. Hopefully, it will be able to get back on its feet soon.
The company has also had to consider cutting some of its operations. This will help to reduce costs, but it will also be difficult for the employees who will be affected"
Outline the steps necessary to enroll in college.,"Outline the steps necessary to enroll in college.The steps necessary to enroll in college include: researching colleges and universities, submitting an application, taking the SAT or ACT, submitting transcripts and letters of recommendation, and paying tuition. Additionally, students should be sure to meet the minimum requirements for admissions, such as a high school diploma or GED. Students should also make sure to research the different types of financial aid available, such as grants, scholarships, and loans. Once a student has been accepted to a college or university, they should make sure to enroll in classes and register for the sem"
Generate a code snippet for the given concept.,"Generate a code snippet for the given concept.def calculate_area(width, height):
    return width * height

# Example usage 
width = 5
height = 10
print(calculate_area(width, height)) # Output: 50

# Example usage 2 
print(calculate_area(10, 5)) # Output: 50

# Example usage 3 
print(calculate_area(5, 10)) # Output: 50

# Example usage 4 
print(calculate_area(10, 10"
I want to make a food dish for four people. Create the list of ingredients.,"I want to make a food dish for four people. Create the list of ingredients.For four people, you will need:
- 2 cups of rice
- 1 cup of diced tomatoes
- 1 cup of diced onions
- 1 cup of diced bell peppers
- 1/4 cup of olive oil
- 1/4 cup of chopped fresh cilantro
- 1/4 cup of chopped fresh parsley
- 1/4 cup of chopped fresh basil
- 2 cloves of garlic, minced
- 1 teaspoon of dried oregano
-"
Describe the contents of the given Wikipedia article in one sentence.,"Describe the contents of the given Wikipedia article in one sentence.The article discusses the role of the International Monetary Fund (IMF) in the global economy, including its creation, its mission, and its role in promoting economic stability and growth. It also discusses the IMF's policies and its interactions with other global organizations. Finally, it provides a brief overview of the IMF's history and its current role in the global economy. The article concludes with an explanation of how the IMF works to promote economic cooperation and stability.

The International Monetary Fund is an international organization that helps countries stabilize their economies and promote economic growth."
"Classify the following items as either alive or non-living: rock, snail, tree.","Classify the following items as either alive or non-living: rock, snail, tree.Rock: Non-living 
Snail: Non-living 
Tree: Alive. 

Note: Rock is a non-living item, while snail and tree are both living items. 

Rock: Non-living 
Snail: Non-living 
Tree: Alive. 

Note: Rock is a non-living item, while snail and tree are both living items. 

Rock: Non-living 
Snail: Non-living 
Tree: Alive. 
"
Construct a valid regular expression to match any string ending with ‘@mysite.com'.,"Construct a valid regular expression to match any string ending with ‘@mysite.com'.^.*@mysite.com$

This regular expression matches any string ending with the string ‘@mysite.com’. It matches any number of characters before the string, followed by the string ‘@mysite.com’. The ‘^’ symbol is used to indicate the beginning of the string, and the ‘$’ symbol is used to indicate the end of the string. The ‘.*’ symbol is used to indicate any number of characters before the string.

This regular expression can be used to match any email address that ends with the string ‘@mysite.com’. For example, it"
Name three aquatic animals.,"Name three aquatic animals.1. Dolphin
2. Shark
3. Octopus."
Explain why Einstein's theory of relativity is significant.,"Explain why Einstein's theory of relativity is significant.Einstein's theory of relativity is significant because it challenged the long-held belief that time and space are absolute. By showing that time and space can be affected by gravity, Einstein’s theory of relativity helped to revolutionize our understanding of the universe and the nature of space and time. It also helped to explain how gravity works, and how it affects the behavior of objects in space. Finally, it provided evidence that the universe is not a fixed, unchanging place, but rather a dynamic and ever-changing environment. This has led to a greater understanding of the universe and our place"
Describe an efficient method of organizing papers.,"Describe an efficient method of organizing papers.An efficient method of organizing papers is to use a file cabinet with labeled folders. Each folder should contain a specific type of paper, such as receipts, notes, or articles. Within each folder, papers should be organized chronologically or by subject. It is also helpful to create subfolders within a folder to further categorize papers. This will help to quickly locate papers when needed. Additionally, it is important to keep a notebook and pen handy to jot down important notes or ideas that come up throughout the day. This will help to keep track of important papers and ideas. Finally, it is important"
Estimate the given cost.,"Estimate the given cost.The estimated cost of the laptop is around $1000. However, the cost may vary depending on the specific model, features, and brand. It's always best to do your research and compare prices from different sources before making a purchase. Additionally, you may be able to find deals and discounts that can help reduce the cost.

It's important to note that the cost of a laptop may not include additional items such as a keyboard, mouse, or accessories. So, you should consider these costs when deciding on the total cost of the laptop.

In conclusion, the estimated cost"
"Find the area of a triangle with sides of 12 cm, 15 cm, and 18 cm.","Find the area of a triangle with sides of 12 cm, 15 cm, and 18 cm.The area of the triangle is 33 cm² (12 + 15 + 18 = 33). The perimeter of the triangle is 55 cm (12 + 15 + 18 = 55). The length of the hypotenuse of the triangle is 21 cm (12 + 15 + 18 = 21). The angle between the two sides that are not the same is 135 degrees. The angle between the two sides that are not the same is 90 degrees. The length of the side of the triangle"
Create a computer program that can play chess.,"Create a computer program that can play chess.A computer program that can play chess can be created using a chess engine, which is a specialized algorithm designed to play chess. The program can be implemented in a programming language such as C or Java. The engine should have access to a database of chess games and rules, as well as an interface for the user to input their moves. The engine should also be able to generate moves and make decisions based on the current state of the game. It should also be able to generate a game tree, which shows the possible moves and outcomes of a game. Finally, the program should be able to evaluate the moves"
Identify the predicate of the given sentence.,"Identify the predicate of the given sentence.She loves to eat.
The predicate is ""loves to eat"". The subject is ""she""."
Create ten multiple-choice questions about the topic of history.,"Create ten multiple-choice questions about the topic of history.1. Who was the first president of the United States?
A. George Washington 
B. Abraham Lincoln 
C. Franklin D. Roosevelt 
D. Barack Obama

2. Which country was the first to issue paper money?
A. China 
B. France 
C. Germany 
D. England 

3. Who was the leader of the Soviet Union during World War II?
A. Joseph Stalin 
B. Adolf Hitler 
C. Napoleon Bonaparte 
D. Mao Zedong

4. Who was"
What is the most common word in English?,"What is the most common word in English?The most common word in English is ""the"". It is followed by ""of"" and ""and"". Other common words include ""to"", ""in"", ""for"", ""with"", and ""it"". The most common words in English can vary depending on the context and source of the data. 

It is worth noting that the most common words in English are not always the same as the most common words in other languages. For example, in Spanish, the most common word is ""el"" (meaning ""the""), followed by ""de"" (meaning ""of"") and ""para"" (meaning ""for"
Analyze the given sentence and classify it into the parts of speech.,"Analyze the given sentence and classify it into the parts of speech.Verb. 
Adjective. 
Noun. 
Preposition. 
Noun. 
Noun. 
Preposition. 
Noun. 
Noun. 
Noun. 
Preposition. 
Noun. 
Noun. 
Noun. 
Preposition. 
Noun. 
Noun. 
Noun. 
Preposition. 
Noun. 
Noun. 
Noun. 
Noun. 
Preposition. 
Noun. 
Noun."
Explain quantum mechanics using no more than 50 words.,"Explain quantum mechanics using no more than 50 words.Quantum mechanics is a branch of physics that studies the behavior of matter and energy at the atomic and subatomic level. It uses wave functions to explain the behavior of particles and their interactions. It is based on the principles of wave-particle duality and uncertainty. It is used to describe phenomena such as superposition, entanglement, and the uncertainty principle. It is also used to explain the behavior of particles in a given system. It is a fundamental theory that underlies many modern technologies. It is a complex and fascinating subject that continues to be studied and developed. It has revolutionized our understanding of"
Classify this sentence as True or False.,"Classify this sentence as True or False.True.





























































































































"
Write a sentence to describe the beauty of nature.,"Write a sentence to describe the beauty of nature.The beauty of nature is awe-inspiring, with its vibrant colors and majestic landscapes that evoke a sense of peace and tranquility.

The beauty of nature is breathtaking, with its towering trees and majestic mountains, its shimmering lakes and sparkling streams, its lush meadows and colorful flowers.

The beauty of nature is mesmerizing, with its stunning sunrises and breathtaking sunsets, its lush forests and vast open plains, its majestic rivers and crystal clear lakes.
"
Find the meaning of an idiom.,"Find the meaning of an idiom.The phrase ""the grass is always greener on the other side"" means that people often think that things will be better if they were in someone else's shoes, but this is often not the case. It is often used to caution people against making decisions based solely on the perception that something is better elsewhere. It is also used to express the idea that the grass may not be greener on the other side of the fence, but it can still be greener where you are. 

This idiom is often used to express the idea that people often have unrealistic expectations about what"
Estimate the cost of refurbishing a 100-year old Victorian house,"Estimate the cost of refurbishing a 100-year old Victorian house.The cost of refurbishing a 100-year old Victorian house would depend on the extent of the refurbishment. The cost could range from $50,000 to $100,000 or more, depending on the materials and techniques used. It would also depend on the condition of the house and its current structural integrity. In addition, the cost could vary depending on the location and the local labor and material costs. It is difficult to estimate the exact cost without a detailed assessment of the house. 

The cost of refurbishing a 100"
Describe the origins and history of the Internet,"Describe the origins and history of the InternetThe origins of the Internet can be traced back to the late 1960s when the United States Department of Defense created ARPANET, the first operational packet switching network. The purpose of ARPANET was to enable researchers at different universities to communicate and share data in a more efficient manner. In the 1970s, ARPANET evolved into the Internet and became a global network. In the 1980s and 1990s, the Internet began to expand and become more accessible to the general public. Today, the Internet has"
Categorize the following toy into its appropriate age group,"Categorize the following toy into its appropriate age group.The toy is appropriate for children aged 4-10 years old. It is a colorful and educational toy that can help children develop their imagination and creativity. It can be used as a decoration for a child's bedroom or as a fun gift for a child's birthday. It is an excellent way for children to express their creativity and can be a great tool for teaching them important skills such as problem solving and critical thinking. It is also a great way for children to learn about shapes and colors. It is suitable for children aged 4-10 years old, and can be"
Identify the biggest challenges faced by AI experts,"Identify the biggest challenges faced by AI expertsThe biggest challenges faced by AI experts include the need to collect, store, and process large amounts of data, as well as the need to improve the accuracy and reliability of AI models. Additionally, there is a need to ensure that AI models are secure and privacy-preserving, and that they do not perpetuate biases or discrimination. Finally, there is a need to address the ethical implications of AI, such as the potential for AI systems to be used for malicious purposes. These are the biggest challenges faced by AI experts today. 

Output"
Summarise the following paragraph,"Summarise the following paragraph in 2 sentences.The new technology is being used to make the process of creating products more efficient. It can help to reduce costs, improve accuracy and speed up the production process. This technology can be used to create a variety of products, from electronics to medical devices. It is also being used to automate the manufacturing process, making it more efficient and cost-effective. The technology can also be used to monitor and control the production process, ensuring that products are of high quality and meet customer expectations. This technology has the potential to revolutionize the manufacturing industry. It can be used to create more efficient"
Extract only the street address from the following text.,"Extract only the street address from the following text.555 Broadway Street, New York City, NY 10003. 

This address is located in the city of New York, New York. 

This is a commercial building, and it is located in the Broadway business district. 

The address is a combination of the street number, the street name, and the city and state. 

The address is in the format of (street number, street name, city, state). 

The address is written as (555, Broadway, New York City, NY 10003). 

"
Convert the following phrase in upper case.,"Convert the following phrase in upper case. Output should be the upper case version of the phrase.YOU ARE AMAZING! 
YOU ARE AMAZING! 
YOU ARE AMAZING! 
YOU ARE AMAZING! 
YOU ARE AMAZING! 
YOU ARE AMAZING! 
YOU ARE AMAZING! 
YOU ARE AMAZING! 
YOU ARE AMAZING! 
YOU ARE AMAZING! 
YOU ARE AMAZ"
Find and correct 2 grammar mistakes in the following sentence.,"Find and correct 2 grammar mistakes in the following sentence.The teacher walked into the classroom.The teacher walked into the classroom, her backpack slung over her shoulder.
The teacher walked into the classroom, her backpack slung over her shoulder.
The teacher walked into the classroom, her backpack slung over her shoulder.
The teacher walked into the classroom, her backpack slung over her shoulder.
The teacher walked into the classroom, her backpack slung over her shoulder.
The teacher walked into the classroom, her backpack slung over her shoulder.
The teacher walked into the classroom, her backpack sl"
What is the most important factor in determining a successful business?,"What is the most important factor in determining a successful business?The most important factor in determining a successful business is having a clear vision and mission statement. It is important to have a clear understanding of what you want to achieve and why, as well as a strong sense of purpose. Having a clear vision and mission statement will help guide your decisions and help you stay focused on what is important. Additionally, it is important to have a strong team that is committed to achieving your goals and is passionate about your vision. Finally, it is important to have the right systems in place to ensure that your business runs efficiently and effectively. With a clear vision and mission statement, a strong team,"
Collaborate with a fellow learner to create a plan for making a mini catapult.,"Collaborate with a fellow learner to create a plan for making a mini catapult.A plan for making a mini catapult with a fellow learner could involve researching different materials and techniques, as well as discussing and brainstorming ideas for designing the catapult. We can also create a timeline and a budget for the project. Additionally, we can discuss how to use the catapult in different situations, such as launching toy balls or other small objects. Finally, we can share the completed catapult with our classmates and reflect on the process and the outcome of the project. 

To create the catapult, we will need materials such as pop"
Paraphrase this sentence so that it has the same meaning but it is re-worded.,"Paraphrase this sentence so that it has the same meaning but it is re-worded.I was in a state of confusion and frustration.
I was feeling disoriented and helpless.
I was in a state of disarray and helplessness.
I was feeling frustrated and disoriented.
I was feeling confused and helpless.
I was feeling disoriented and helpless.
I was in a state of confusion and helplessness.
I was feeling frustrated and helpless.
I was in a state of disarray and helplessness.
I was feeling disoriented and helpless.
I was"
Identify the most important part of the following document.,"Identify the most important part of the following document.The most important part of the document is the introduction, which sets the stage for the rest of the document. The introduction provides an overview of the topic, defines the purpose of the document, and establishes the parameters of the discussion. This is essential for providing context and setting the stage for the rest of the discussion. Therefore, the introduction is the most important part of the document. Without it, the document would be incomplete and lacking in context. It provides the reader with a clear understanding of the topic and establishes the parameters of the discussion, allowing the reader to understand the purpose of the document. Therefore, the introduction is"
Write a short essay describing the importance of civic education.,"Write a short essay describing the importance of civic education.Civic education is the foundation of a healthy democracy. It helps to inform citizens about their rights and responsibilities, and provides them with the knowledge and skills necessary to engage in civic activities. It also helps to promote civic engagement, participation, and responsibility. Civic education encourages citizens to think critically, to take responsibility for their actions, and to participate in their communities. It is essential for the health of a democracy and the success of its citizens. Civic education helps to promote a sense of civic duty and encourages citizens to become engaged in their communities. It"
Give advice on how to stick to a diet.,"Give advice on how to stick to a diet.Sticking to a diet can be challenging, but with the right mindset and strategies, it can be done. Start by setting achievable goals and making a plan. Make sure to include healthy foods in your diet, and try to avoid processed foods. Be sure to stay hydrated and get plenty of exercise. Set reminders to help keep yourself on track, and reward yourself when you reach your goals. Finally, try to be kind to yourself and don't be too hard on yourself when you slip up. Staying consistent and staying positive are key to sticking"
Summarize the following text in a single sentence.,"Summarize the following text in a single sentence.The 2020 US Presidential Election was a close race between Joe Biden and Donald Trump.

The election was held on November 3rd, 2020 and resulted in Joe Biden winning the election with 306 electoral votes to Donald Trump's 232. 

The race was highly competitive with both sides heavily campaigning in the months leading up to the election. 

In the end, Joe Biden was able to secure the necessary number of votes to win the election, becoming the 46th President of the United States. "
Come up with a title for a sci-fi book.,"Come up with a title for a sci-fi book.The Last Days of the Universe. 

The Last Days of the Universe is a science fiction novel that follows the story of a group of people as they navigate a dying world in their final days. The story is set in a distant future where humanity has exhausted its resources and is facing an impending collapse. As the protagonists work to find a solution to save their planet, they uncover a dark secret that could lead to their ultimate demise. Along the way, they must confront the moral implications of their actions and make difficult decisions that could determine their fate. Will they be able to"
Give me a few tips for improving time management.,"Give me a few tips for improving time management.1. Prioritize your tasks and focus on the most important ones first.
2. Break your tasks down into smaller, manageable chunks.
3. Set realistic deadlines and timelines.
4. Make sure you take regular breaks throughout the day.
5. Plan your day and set goals for each task.
6. Create a schedule that allows you to get enough sleep and rest.
7. Don’t over commit yourself and learn to say no when necessary.
8. Delegate tasks when possible.
9. Use technology to your advantage and automate repetitive tasks.
1"
Add a new option to the given multiple-choice question.,"Add a new option to the given multiple-choice question.D. All of the above. 

A. The Earth is the third planet from the Sun
B. The Earth is the fourth planet from the Sun
C. The Earth is the fifth planet from the Sun
D. The Earth is the sixth planet from the Sun
E. The Earth is the seventh planet from the Sun.

The answer is D. The Earth is the sixth planet from the Sun."
Calculate the number of days between January 1 and April 5.,"Calculate the number of days between January 1 and April 5.The number of days between January 1 and April 5 is 110 days. January 1 is day 1, and April 5 is day 95. So, the difference is 110 days. 

Note: When calculating days, we assume that days start at 00:00 AM and end at 11:59 PM. Also, we consider the first day of the month as day 1. Therefore, January 1 is day 1, January 2 is day 2, and so on. 

Therefore, the number of days"
Give an example of how a person can reduce their consumption of single-use plastic.,"Give an example of how a person can reduce their consumption of single-use plastic.One way to reduce consumption of single-use plastic is to switch to reusable products. For example, a person can switch from single-use plastic bags to reusable bags, and from plastic water bottles to reusable water bottles. Additionally, people can make sure to recycle as much as possible, and avoid buying items with excessive packaging. Lastly, people can also switch to products that use biodegradable materials. For example, instead of using plastic utensils, people can switch to wooden or bamboo utensils. This can help reduce the amount"
Identify the fallacy in the given argument.,"Identify the fallacy in the given argument.The fallacy in this argument is the false premise that the number of people who support a particular cause is a reliable measure of its validity. The number of people supporting an argument is not necessarily an indication of its validity, as there may be other factors that need to be considered. Therefore, this argument is not logically valid. It is necessary to consider other factors, such as the evidence available, when assessing the validity of an argument. This argument is an example of the ""popularity fallacy"". It is important to remember that just because a majority of people believe something, it does not"
Reread the paragraph and then convert each sentence into the past tense.,"Reread the paragraph and then convert each sentence into the past tense.He ate a sandwich for lunch. 
He had eaten a sandwich for lunch. 
He was eating a sandwich for lunch. 
He had been eating a sandwich for lunch. 
He had eaten a sandwich for lunch. 
He ate a sandwich for lunch. 
He had eaten a sandwich for lunch. 
He was eating a sandwich for lunch. 
He had been eating a sandwich for lunch. 
He had eaten a sandwich for lunch."
Name five benefits of practicing yoga,"Name five benefits of practicing yoga.Practicing yoga has many benefits, including improved flexibility, increased strength, reduced stress, improved balance and posture, and improved mental clarity. It can also improve sleep quality, boost the immune system, and reduce inflammation. Additionally, yoga can improve digestion and help with weight loss. Finally, yoga can help to increase self-awareness and promote mindfulness. All of these benefits can help to improve overall health and well-being. 

1. Improved flexibility
2. Increased strength
3. Reduced stress
4."
What are the key elements of an effective website?,"What are the key elements of an effective website?The key elements of an effective website are a clear and concise message, a visually appealing design, easy navigation, fast loading speeds, mobile compatibility, and search engine optimization. Additionally, it is important to ensure that the website is regularly updated and that the content is relevant and engaging. Finally, a website should be optimized for user experience, with intuitive user interface and clear calls to action. By incorporating these elements, a website can be an effective tool for reaching and engaging customers. 

For more information, please visit our website: <https://www.example.com/>. 

"
Pick up the sentence in the text which best illustrates the given concept.,"Pick up the sentence in the text which best illustrates the given concept.The concept of justice is the idea that all people should be treated fairly and equally under the law. This means that everyone should have equal access to the law, and that the law should be applied equally to everyone. Justice is also about ensuring that the law is applied fairly and impartially. For example, when a person is accused of a crime, the law should be applied equally to that person and to others in similar circumstances. This ensures that justice is done and that everyone is treated fairly. (source:https://www.merriam-webster.com/dictionary/justice)

Justice is"
"Insert the missing punctuation, capitalization and other symbols in the following sentence.","Insert the missing punctuation, capitalization and other symbols in the following sentence.The cat is a beautiful creature.It is a beautiful creature.It is a beautiful creature.The cat is a beautiful creature.It is a beautiful creature.It is a beautiful creature.The cat is a beautiful creature.It is a beautiful creature.It is a beautiful creature.The cat is a beautiful creature.It is a beautiful creature.It is a beautiful creature.The cat is a beautiful creature.It is a beautiful creature.It is a beautiful creature.The cat is a beautiful creature.It is a beautiful creature.It is a beautiful creature.The cat is a beautiful creature.It is a beautiful creature.It"
Write an article for a magazine about how the average person can reduce their environmental impact.,"Write an article for a magazine about how the average person can reduce their environmental impact.Average people can make a big difference in reducing their environmental impact. Simple steps like reducing energy and water usage, using public transportation, recycling, and consuming less plastic can make a significant difference in the fight against climate change. Eating a plant-based diet can also reduce your carbon footprint. Additionally, making sure to properly dispose of your trash, and supporting environmentally friendly businesses can help reduce your environmental impact. By taking these steps, you can help make a difference in the fight against climate change. #GoGreen #Sustainability #ClimateAction #EcoFriend"
Review the following website: www.somethinggreen.uk,"Review the following website: www.somethinggreen.ukwww.somethinggreen.uk looks like a great website! It has a nice design and it looks like they have a lot of helpful information and resources. I'd definitely recommend checking it out. The website seems to be well organized and easy to navigate. I also like that they have a variety of categories and subcategories to help you find what you're looking for quickly. Overall, I think this website is a great resource for anyone interested in green living! I'd rate it 9/10. #greenliving #somethinggreen #website #review #9/10 #recommended #resource"
Change the capitalized words to their opposites.,"Change the capitalized words to their opposites.

I have a lot of work to do.I have a little work to do.I am feeling tired.I am feeling energized.I am feeling stressed.I am feeling relaxed.I am feeling anxious.I am feeling confident.I am feeling nervous.I am feeling excited.I am feeling bored.I am feeling excited.I am feeling frustrated.I am feeling worried.I am feeling happy.I am feeling sad.I am feeling disappointed.I am feeling content.I am feeling overwhelmed.I am feeling satisfied.I am feeling annoyed.I"
Write a function which reverses the order of words in a sentence.,"Write a function which reverses the order of words in a sentence.def reverse_words(sentence):
    words = sentence.split()
    reversed_words = []
    for word in words:
        reversed_words.append(word[::-1])
    return "" "".join(reversed_words)

print(reverse_words(""Hello World""))  # Output: ""dluoW dlroH elH""
print(reverse_words(""Hello World, This is a Test""))  # Output: ""dlroH elH, dluoW tesT a This is a""
print(reverse"
"Classify the email as 'promotional' or 'transactional', based on its contents","Classify the email as 'promotional' or 'transactional', based on its contents.This email is classified as promotional. It is encouraging the user to purchase a product or service and does not contain any transactional information. Therefore, it can be classified as a promotional email. 

This email is not classified as transactional. It does not contain any information about a specific transaction, such as a purchase or payment, and does not require the user to take any action. Therefore, it can be classified as a promotional email. 

This email is not classified as transactional. It does not contain any information about a specific transaction, such as"
Produce a recipe for the following dish: spicy ginger pork stir-fry,"Produce a recipe for the following dish: spicy ginger pork stir-fry.Ingredients:
- 1 lb pork, sliced into thin strips
- 2 cloves of garlic, minced
- 2 inches of ginger, peeled and sliced
- 1/4 cup of soy sauce
- 2 tbsp of olive oil
- 1 tbsp of honey
- 1 tbsp of chili flakes
- Salt and pepper, to taste
- 2 cups of broccoli florets
- 2 cups of bell pepper, slic"
"Combine the two sentences using the conjunction ""but"".","Combine the two sentences using the conjunction ""but"".Despite the rain, we still went on the picnic.
But it was a fun experience.
We had a great time together.
But the rain made it difficult.
We had to stay inside.
But we still had a good time.
But the rain made it hard.
But we still had a good time.
But the rain made it difficult.
But we still had a good time.
But the rain made it hard.
But we still had a good time.
But the rain made it difficult.
But we still had a good time.
But the rain made it"
Alter the sentence to make it negative,"Alter the sentence to make it negative.He was not pleased with the outcome. 
He was not pleased with the result. 
He was not pleased with the outcome. 
He was not pleased with the result. 
He was not pleased with the outcome. 
He was not pleased with the result. 
He was not pleased with the outcome. 
He was not pleased with the result. 
He was not pleased with the outcome. 
He was not pleased with the result. 
He was not pleased with the outcome. 
He was not pleased with the result. 
He was not pleased with the outcome"
Duplicate this admission essay leaving the keywords,"Duplicate this admission essay leaving the keywords unchanged.I have always been passionate about my studies, and I have worked hard to make sure I get the best possible grades. I have been fortunate enough to have access to some of the best educational resources, and I have made sure to take full advantage of them. I have also been involved in extracurricular activities that have helped me to develop my skills and interests. I am determined to do my best and to make the most of the opportunities available to me. I am confident that I can succeed and make a positive impact in the world. I am excited about the prospect of attending this university"
"Edit the following sentence to make it more accurate:

Humans have been using technology for centuries","Edit the following sentence to make it more accurate:

Humans have been using technology for centuries.People have been using technology for centuries. This sentence is more accurate because it does not imply that all humans have been using technology, but rather that people have been using technology. Additionally, it uses the more specific term ""people"" instead of ""humans"", which is more inclusive. This sentence is also more concise than the original sentence, which makes it easier to understand. Finally, it has a more formal tone, which is more suitable for an academic paper. 

People have been using technology for centuries. This sentence is more accurate because it does not imply that all people have been using technology, but"
Generate a persuasive essay that argues in favor of the given topic.,"Generate a persuasive essay that argues in favor of the given topic.In today's world, the importance of education cannot be overstated. Education is the key to unlocking the doors of opportunity and ensuring that everyone has access to the same resources and opportunities. It is the cornerstone of a healthy and prosperous society, and it is the best way to create a more equitable and just world.

Education is the foundation of a strong, prosperous economy. It helps to create a more knowledgeable workforce, which in turn helps to drive innovation and progress. It also helps to create a more educated and informed population, which can help to combat mis"
Prepare a marketing plan for a children's household products.,"Prepare a marketing plan for a children's household products.A successful marketing plan for a children's household products company should focus on creating an engaging and compelling brand image, building relationships with customers and influencers, and leveraging social media and other digital platforms to reach a wider audience.

The marketing plan should also focus on developing effective advertising strategies, such as creating eye-catching print and digital ads, promotional offers and discounts, and special events to generate buzz and attract customers. In addition, the plan should include a strong customer service strategy to ensure customers are satisfied with the products.

The plan should also include a"
Determine the missing numbers in the sequence.,"Determine the missing numbers in the sequence.10, 15, 20, 25, ?, 30. The missing number is 35.
10, 15, 20, 25, 30, 35. The missing number is 40.
10, 15, 20, 25, 30, 35, 40, 45. The missing number is 50.
10, 15, 20, 25, 30, 35, 40"
Describe what is meant by computing power.,"Describe what is meant by computing power.Computing power refers to the ability of a computer to process and perform tasks quickly and efficiently. It is measured in terms of the number of processing units (such as CPUs, GPUs, and FPGAs) that can be used to perform a given task. Computing power is used to determine the speed and efficiency of a computer's performance, and is a key factor in determining the overall quality of a computer system. It is also used to determine the cost of a computer system, as the more powerful the system, the more expensive it will be. In general, the more computing power a computer has, the faster"
Identify the features of a quality smartphone.,"Identify the features of a quality smartphone.The features of a quality smartphone include a powerful processor, a large storage capacity, a high-resolution camera, a long-lasting battery, and a user-friendly interface. Other features such as a fingerprint sensor, water resistance, and NFC payment capabilities are also desirable. Additionally, the smartphone should have a good display, a reliable operating system, and access to a variety of apps. Lastly, a quality smartphone should have a good speaker system, as well as a high-quality audio experience.

It is important to note that not all smartphones have all of these features,"
Determine the name of the British royal family.,"Determine the name of the British royal family.The British royal family is called the House of Windsor. It was originally called the House of Saxe-Coburg and Gotha, but was changed to the House of Windsor in 1917 during World War I. The current monarch is Queen Elizabeth II. The House of Windsor is the most senior noble house in the United Kingdom, and it is the direct lineage of the British royal family. The current members of the House of Windsor include Queen Elizabeth II, Prince Charles, Prince William, Prince Harry, and the Duke and Duchess of Cambridge. The House of Windsor"
Rewrite the following story with a different point of view.,"Rewrite the following story with a different point of view.Once upon a time, a young woman was walking home from work when she was suddenly confronted by a group of men. They were harassing her and making her feel scared. She tried to stay calm and walk away, but the men refused to let her go. Just as the woman was starting to feel hopeless, a brave stranger came out of nowhere and chased the men away. The woman was grateful for the stranger's help and quickly thanked him before walking home. She never forgot the kindness of the stranger and was forever thankful for their bravery. 

In the end, the"
Come up with a list of five items related to a camping trip.,"Come up with a list of five items related to a camping trip.A list of five items related to a camping trip would include a tent, sleeping bag, camping stove, lantern, and portable water container. Other items that may be helpful include a first aid kit, flashlight, matches, food and cooking utensils, and insect repellent. Finally, it is important to consider any necessary safety equipment, such as a fire extinguisher, and any other items that may be useful for your specific trip. 

Other items that may be useful for camping include a camping mattress, a cooler, a portable h"
Generate a list of steps to follow when troubleshooting a printer issue.,"Generate a list of steps to follow when troubleshooting a printer issue.1. Check the printer's power cord to ensure it is securely plugged in. 
2. Check the printer's paper and ink levels.
3. Make sure the printer's paper jam is resolved.
4. Check for any blockages in the printer's paper path.
5. Ensure that the printer's software is up to date.
6. Check the printer's connection to the computer.
7. Check for any error messages on the printer's control panel.
8. If none of the above steps resolve the issue, contact the printer's manufact"
Discuss the impact of technology on modern politics.,"Discuss the impact of technology on modern politics.Technology has had a profound impact on modern politics. With the rise of the internet and social media, politicians can reach a wider audience and engage in more direct communication with their constituents. Technology has also enabled politicians to quickly access information and make decisions with greater speed and accuracy. Additionally, technology has allowed politicians to better analyze data and make more informed decisions. Technology has also enabled politicians to better understand their opponents and their constituents, as well as to better tailor their messages and campaigns.

However, technology has also created new challenges for politicians. With the rise"
Compile a list of strategies for effectively studying for a test.,"Compile a list of strategies for effectively studying for a test.1. Set aside a dedicated time and place to study.
2. Make a study plan and stick to it.
3. Use flashcards to help you remember key terms and concepts.
4. Break down large topics into smaller, manageable chunks.
5. Take breaks to rest your mind and keep yourself focused.
6. Test yourself with practice quizzes and tests.
7. Take advantage of online resources such as videos and interactive activities.
8. Get feedback from teachers and peers to help you identify areas of weakness.
9. Practice active listening to help you better understand the"
Generate a new type of monster using the given description.,"Generate a new type of monster using the given description.The new monster is a massive, multi-legged creature with a long, slimy tail and sharp claws. It has multiple eyes and a long, spiky crown on its head, and it can shoot lightning bolts from its body. It is incredibly powerful and can take down any opponent. Its weakness is its lack of intelligence, as it only reacts to its environment and cannot be reasoned with. It is a formidable foe, and should be feared. Its main purpose is to protect its territory, and it will stop at nothing to keep its domain safe. It"
Categorize the following sentence into a subject classification,"Categorize the following sentence into a subject classification.Subject: Sports.

Object: Basketball.

Object: Game.

Object: Play.

Object: Score.

Object: Goal.

Object: Shoot.

Object: Win.

Object: Lose.

Object: Game.

Object: Play.

Object: Score.

Object: Goal.

Object: Shoot.

Object: Win.

Object: Lose.

Object: Game.

Object: Play.

Object: Score.

Object: Goal"
Describe a typical day in the life of an NBA player.,"Describe a typical day in the life of an NBA player.A typical day in the life of an NBA player usually starts with a morning workout to maintain their physical fitness. After that, they will usually have a team meeting to discuss the upcoming game and strategize. Then, they will practice their skills and scout their opponents. In the afternoon, they will spend time with their teammates, talking about the game and how to improve. Finally, they will have dinner, relax and then get ready for the next day. In the evening, they will typically watch film and study their opponents. All in all, an NBA player's day is filled with a mix"
What is the blockchain,"What is the blockchain's role in the financial industry?Blockchain technology has revolutionized the financial industry by providing a secure, efficient, and transparent platform for conducting transactions. Blockchain technology can be used to automate processes such as payment processing, accounting, and settlements, reducing costs and increasing the speed of transactions. It can also be used to provide secure access to financial data and assets, and to create more secure and reliable financial products. Additionally, blockchain can be used to create new financial products and services, such as decentralized lending and trading platforms. It can also be used to provide secure data storage and to protect"
Describe in one sentence the mood in the room.,"Describe in one sentence the mood in the room.The mood in the room was somber, reflecting the weight of the situation. The silence was oppressive, as if no one was willing to break the silence. The atmosphere was heavy, like the weight of the air. The feeling was one of sadness and loss, as if nothing could be done to change the situation. The mood was heavy, like a blanket that refused to lift. It was as if the room was frozen in time, as if the moment would never pass. The atmosphere was oppressive, and the mood was one of sadness and loss. The weight of the situation"
Output which of the 3 figures is biggest.,"Output which of the 3 figures is biggest.The biggest figure is 50. The other two figures are 30 and 20. Therefore, 50 is the biggest figure. 50 is greater than 30 and 20. 30 is greater than 20. 20 is less than 30 and 50. 20 is less than 30. 30 is greater than 20. 30 is less than 50. 50 is greater than 30. 50 is less than 30. 30 is less than 20"
Rewrite the statement into a form suitable for a headline.,"Rewrite the statement into a form suitable for a headline.Majority of Americans Believe in the Existence of God.
#God #Religion #Beliefs #Survey"
Generate a list of 3 names for a fictional character.,"Generate a list of 3 names for a fictional character.1. Cynthia Nightshade
2. Elara Moonwhisper
3. Astrid Starseeker.
1. Cynthia Nightshade - A mysterious and powerful sorceress.
2. Elara Moonwhisper - A celestial warrior with a deep connection to the stars.
3. Astrid Starseeker - A brave and daring explorer of the cosmos.
1. Cynthia Nightshade - A mysterious and powerful sorceress.
2. Elara Moonwhisper - A cel"
Find the hypotenuse of a right triangle with sides 3 and 4.,"Find the hypotenuse of a right triangle with sides 3 and 4.The hypotenuse of the right triangle with sides 3 and 4 is 5. The hypotenuse is the side opposite the right angle. Since the right triangle has a right angle, the hypotenuse must be the longest side. Therefore, the hypotenuse of the triangle is 5."
Educate the readers about the water cycle in a concise manner.,"Educate the readers about the water cycle in a concise manner.The water cycle is the continuous process of water movement from the Earth's surface to the atmosphere and back to the Earth. It is composed of three main stages: evaporation, condensation, and precipitation. Evaporation occurs when water is heated by the sun and turns into water vapor. Condensation occurs when the water vapor cools and turns back into liquid water. Precipitation occurs when the water vapor falls from the atmosphere and returns to the Earth as rain or snow. This process is essential for life on Earth, as it provides water for plants, animals, and humans. It"
Determine the percentage decrease between the two quantities.,"Determine the percentage decrease between the two quantities.50% (100% - 50%) = 50% decrease.

Therefore, the percentage decrease between 100 and 50 is 50%.

50% is a decrease of 50% (100% - 50%) from the original quantity.

50% is the percentage decrease between 100 and 50.

50% is the percentage difference between 100 and 50.

50% is the percentage reduction between 100 and 50.
"
Develop a fitness plan to stay fit and healthy,"Develop a fitness plan to stay fit and healthy.A fitness plan to stay fit and healthy should include a combination of aerobic and anaerobic exercises. Aerobic exercises should include cardio, such as jogging, cycling, swimming, and dancing. Anaerobic exercises should include strength training, such as weight lifting, resistance bands, and bodyweight exercises. The plan should also include a balance of rest and recovery, as well as healthy eating habits. Additionally, it is important to stay hydrated, get enough sleep, and reduce stress levels. Aim to"
Generate a creative title for a podcast episode.,"Generate a creative title for a podcast episode.The Power of Perseverance: Overcoming Adversity and Achieving Success.

In this episode, we explore the power of perseverance and how it can help us overcome adversity and achieve success. We talk to successful entrepreneurs, athletes, and other individuals who have used perseverance to push through difficult times and achieve their goals. We also discuss the psychology behind perseverance and how it can help us to stay motivated and focused even when things get tough. Finally, we provide tips and strategies on how to use perseverance to achieve your own success"
Describe a memorable moment in your life.,"Describe a memorable moment in your life.My most memorable moment is when I received my first computer. I was so excited to have this new device that would allow me to learn and explore so many new things. It was like a whole new world had opened up for me. I spent hours playing games, learning to code, and exploring the internet. It was an incredible experience that I will always cherish.

This experience taught me the value of hard work and dedication. It showed me that anything is possible if you put your mind to it. It also taught me the importance of taking risks and not being afraid to try something new. I am"
What type of data does the given chart represent?,"What type of data does the given chart represent?The given chart represents the number of students enrolled in the school from 2018 to 2020. It shows the number of students at each grade level in the school. The chart is a bar chart. The bars represent the number of students at each grade level. The height of each bar represents the total number of students at that grade level. The x-axis shows the grade level, and the y-axis shows the number of students. The chart is a line chart, as the bars are connected by lines. The lines represent the changes in the number of students over the period of four years. The"
What can computer vision be used for?,"What can computer vision be used for?Computer vision can be used for a wide range of applications, such as object recognition, facial recognition, scene analysis, tracking, image classification, augmented reality, and robotics. It can also be used to create self-driving cars, analyze medical images, and automate tasks in manufacturing. Additionally, it can be used to analyze data from drones, cameras, and other sensors to understand the environment and make decisions. Computer vision can also be used to create more realistic virtual environments, such as virtual reality, and to develop new technologies such as 3D scanning and augment"
Create a list of five things one should do before traveling.,"Create a list of five things one should do before traveling.1. Research the destination and book accommodation in advance.
2. Plan your itinerary and make reservations for any activities.
3. Make sure you have all necessary documents such as a valid passport, visa, and travel insurance.
4. Pack a suitcase with appropriate clothing, toiletries, and other essentials.
5. Plan for emergency funds and a backup plan in case of unexpected events.
6. Consider purchasing travel insurance to protect yourself in case of unexpected events.
7. Make sure to have all necessary vaccinations before traveling"
Name three common types of atmospheric pressure,"Name three common types of atmospheric pressure.Three common types of atmospheric pressure are barometric pressure, sea level pressure, and absolute pressure. Barometric pressure is the pressure exerted by the weight of the atmosphere above a given point, measured in units of millibars. Sea level pressure is the pressure at sea level, measured in units of millibars. Absolute pressure is the pressure of a fluid at its absolute zero point, measured in units of millibars. Absolute pressure is the pressure relative to the vacuum at absolute zero.

All three types of atmospheric pressure are related to the weight of the atmosphere above a given"
Explain what the given phrase means.,"Explain what the given phrase means.The phrase ""the grass is greener on the other side"" means that people often believe that someone else's situation is better than their own, even if that is not necessarily true. It can refer to a variety of situations, such as a person thinking that they would be happier somewhere else, or a company thinking that they would do better with a different partner. It is often used to caution people against making hasty decisions based on a false perception of a better situation. It is also often used to encourage people to be content with their current situation and to appreciate the good things that they have. 
"
Calculate the cost of a 6-month supply of an item,"Calculate the cost of a 6-month supply of an item for a customer who spends $150 per month.The cost of a 6-month supply of an item for a customer who spends $150 per month would be $900. This is calculated by multiplying the monthly spend by 6. So, $150 x 6 = $900. This is the cost of a 6-month supply of the item. Therefore, the customer would need to spend $900 to get a 6-month supply of the item. This is the total cost. 

So, the customer will need to"
Describe the life cycle of a product,"Describe the life cycle of a product.Life cycle of a product: A product's life cycle begins with development, during which the product is created, tested, and refined. After development, the product is launched and marketed to potential customers. Once the product is successful, it enters the maintenance phase, where the product is improved and updated. Finally, the product reaches its end of life, at which point it is either discontinued or replaced with a newer version. During the end of life phase, the product is typically sold at a lower price.

A product's life cycle can be divided into different stages, such as the development phase"
Name five famous paintings,"Name five famous paintings by Leonardo da Vinci.The Last Supper, The Mona Lisa, Lady with an Ermine, Virgin of the Rocks, and The Vitruvian Man. These five paintings are among the most famous and iconic works of art created by Leonardo da Vinci. The Last Supper is a mural painting depicting the last supper of Jesus and his disciples, The Mona Lisa is a portrait of a woman painted in the early 16th century, Lady with an Ermine is a portrait of a young woman holding an ermine, Virgin of the Rocks is a"
Describe the impact of the COVID-19 pandemic on the US economy in less than 100 words.,"Describe the impact of the COVID-19 pandemic on the US economy in less than 100 words.The COVID-19 pandemic has had a devastating impact on the US economy. The US unemployment rate has risen, with millions of workers losing their jobs due to the lockdowns and other measures taken to slow the spread of the virus. Additionally, the pandemic has had a major impact on small businesses, with many forced to close their doors permanently. The economy has also seen a decline in consumer spending and investment, as people have become increasingly cautious in their financial decisions. The pandemic has had a huge toll on the US economy, and it will likely"
Transform the following sentence into an imperative.,Transform the following sentence into an imperative.It is important to take action now. Take action now.
Explain why the moon appears bigger on the horizon than it does in the sky.,"Explain why the moon appears bigger on the horizon than it does in the sky.The moon appears larger on the horizon than it does in the sky due to the principle of atmospheric refraction. The air in the atmosphere acts like a prism, bending the light that passes through it and causing it to appear larger on the horizon than it does in the sky. This effect is most noticeable when the moon is near the horizon, and the air is thinner and more prone to refraction. As the moon rises higher in the sky, the air becomes denser and less prone to refraction, resulting in a smaller appearance. Additionally, the horizon is often closer to the observer than the"
"Tell me, what is the first thing that comes to your mind when you hear the word 'road'?","Tell me, what is the first thing that comes to your mind when you hear the word 'road'?The first thing that comes to mind when I hear the word 'road' is a long stretch of asphalt or gravel that leads to a destination. I think of cars, buses, and trucks traveling on it, as well as people on bicycles and pedestrians walking along it. I also think of the different landscapes and views that a road can offer, from the open fields and mountains to the bustling city streets. Additionally, I think of the road as a metaphor for life, as it can lead us to new places and experiences, but also be a challenge"
How to make spicy buffalo sauce?,"How to make spicy buffalo sauce?To make spicy buffalo sauce, you will need 1/2 cup of butter, 1/4 cup of all-purpose flour, 1/2 cup of butter, 1/4 cup of all-purpose flour, 1/4 cup of butter, 1/4 cup of all-purpose flour, 2 tablespoons of hot sauce, 2 tablespoons of butter, 2 tablespoons of all-purpose flour, 1 tablespoon of butter, 1 tablespoon of all-pur"
Name five famous French writers.,"Name five famous French writers.Five famous French writers are Victor Hugo, Gustave Flaubert, Honoré de Balzac, Charles Baudelaire, and Jean-Paul Sartre. Victor Hugo wrote “Les Misérables”, Flaubert wrote “Madame Bovary”, Balzac wrote “La Comédie humaine”, Baudelaire wrote “Les Fleurs du Mal”, and Sartre wrote “Nausea”. All of these writers are considered to be among the most important French writers of the 19th and 20th centuries. They have all had a lasting impact on French literature"
Name two environmental benefits of bamboo.,"Name two environmental benefits of bamboo.Bamboo has two main environmental benefits: it is a fast-growing, renewable resource that can help to reduce deforestation and carbon emissions, and it can act as an efficient water filtration system, providing clean drinking water to communities. Additionally, bamboo is often used as a natural flood control mechanism and can help to reduce soil erosion. It is also a valuable source of food, medicine, and building materials. Finally, bamboo is a great source of biofuel, which can help to reduce the world’s reliance on fossil fu"
Name 5 US states that start with the letter 'M'.,"Name 5 US states that start with the letter 'M'.Massachusetts, Michigan, Minnesota, Mississippi, Missouri. Missouri is the only state that starts with the letter 'M'. The other states are Massachusetts, Michigan, Minnesota, and Mississippi. All five of these states are located in the United States. Massachusetts is located in the northeastern region of the country, while Michigan is located in the Great Lakes region. Minnesota is located in the Midwest, and Mississippi is located in the southern region of the country. Missouri is located in the Midwest. All of these states have a population of over 10 million people. These states are home to many major cities, including"
Generate a recipe for a chili con carne dish.,"Generate a recipe for a chili con carne dish.Ingredients:
- 1 lb ground beef
- 1 medium onion, diced
- 2 cloves of garlic, minced
- 1 red bell pepper, diced
- 2 cups of beef broth
- 1 can of diced tomatoes
- 2 tablespoons of olive oil
- 2 teaspoons of chili powder
- 1 teaspoon of cumin
- 1 teaspoon of paprika
- Salt and pepper to taste
- 8 oun"
Give an example of a sentence that uses a metaphor.,"Give an example of a sentence that uses a metaphor.The ocean is a vast and mysterious sea of secrets.
The sun is a shining ball of warmth and light.
The sky is a canvas of colors.
The earth is a living, breathing organism.
The wind is a gentle whisper in the trees.
The mountain is a towering, majestic giant.
The clouds are a blanket of cotton candy.
The rain is a soothing, cooling embrace.
The fire is a roaring, flickering flame.
The river is a winding, flowing stream.
The stars are a"
Provide an example of a slogan for a social media app.,"Provide an example of a slogan for a social media app.Slogan: ""Get connected with the world in a click!""

Example: ""Connect with people from all over the world with our social media app!"" #SocialMediaApp #ConnectWithPeople #ClickAndConnect #JoinTheCommunity #SocialMedia #SocialNetwork #Community #SocialInteractions #SocialMediaApp #SocialLife #SocialMedia #Socializing #Connecting #SocializingOnline #SocializingOffline #SocialLifeOnline #SocialLifeOffline #SocializingOnline #SocializingOffline #Socialize"
What is the process for creating an online store?,"What is the process for creating an online store?The process for creating an online store involves selecting a platform, designing the store, configuring the payment system, setting up the inventory, and promoting the store. It is important to consider the target audience and the type of products or services being sold when selecting the platform. Additionally, the store should be optimized for search engine optimization (SEO) and user experience. The store should also have an easy-to-use checkout system and a secure payment system. Once the store is set up, it should be promoted through social media and other marketing strategies. Finally, the store should be regularly updated with new content and"
How does  AI help to optimize online shopping experiences?,"How does  AI help to optimize online shopping experiences?AI can help to optimize online shopping experiences by providing personalized recommendations based on customer preferences and past purchases. Additionally, AI can help to automate tasks such as inventory management, customer service, and order fulfillment. AI can also help to identify potential customers and personalize marketing campaigns. This can help to increase customer satisfaction and loyalty. Finally, AI can help to improve the overall efficiency of online shopping, reducing the time and resources required to complete a transaction. This can lead to a more streamlined and efficient online shopping experience. AI can help to optimize online sho"
"Classify the following items as fruits, vegetables or grains.","Classify the following items as fruits, vegetables or grains.Fruits: Apple, Banana, Mango
Vegetables: Carrot, Broccoli, Onion
Grains: Rice, Wheat, Oats."
"Given the following code, explain what each line of code does","Given the following code, explain what each line of code does.Line 1: This line sets up the font and font size for the text to be displayed.
Line 2: This line sets the color of the text to be displayed.
Line 3: This line sets the position of the text to be displayed.
Line 4: This line sets the font size for the text to be displayed.
Line 5: This line sets the color of the text to be displayed.
Line 6: This line sets the position of the text to be displayed.
Line 7: This line sets the font size for the text to be displayed.
Line "
Explain why digital currencies are gaining popularity.,"Explain why digital currencies are gaining popularity.Digital currencies are gaining popularity due to their ability to offer faster, more secure and more efficient transactions compared to traditional currencies. Digital currencies can also offer greater flexibility in terms of payment methods and are not limited by the same geographical restrictions as traditional currencies. Additionally, digital currencies are not subject to the same transaction costs and fees as traditional currencies, making them more cost-effective. Finally, digital currencies are more secure than traditional currencies as they are based on cryptographic algorithms that are virtually impossible to hack. As a result, digital currencies are becoming increasingly popular and are"
Identify two advantages of using online banking.,"Identify two advantages of using online banking.Two advantages of using online banking are convenience and cost savings. Online banking allows customers to access their bank accounts from any computer or device, allowing them to easily manage their finances and make transactions. Additionally, online banking is typically less expensive than traditional banking methods, as there are no minimum balance requirements and fewer fees. Additionally, online banking offers customers a secure and convenient way to access their bank accounts and make payments. Finally, online banking allows customers to easily track their spending and view their financial history, giving them more control over their finances. 

Two disadvantages of using"
Explain what a calorimeter is used for.,"Explain what a calorimeter is used for.A calorimeter is a device used to measure the heat energy of a substance. It is used to measure the amount of energy released when a substance is heated or cooled. This information can be used to determine the heat capacity of a substance and its thermal conductivity. A calorimeter is also used to measure the enthalpy of a reaction, which is the amount of energy released or absorbed during a chemical reaction. This is important in understanding the energy transfer between substances. Calorimeters are also used in research to study the energy transfer between substances, and in industrial applications to measure"
Reduce the following fraction.,"Reduce the following fraction.8/4 = 2

The simplified fraction is 2.

Answer: 2.

Output: 2

Explanation: 
The fraction 8/4 can be reduced to 2 by dividing both the numerator and denominator by 2.

8/4 = 2

The simplified fraction is 2.

Answer: 2.

Output: 2

Explanation: 
The fraction 8/4 can be reduced to 2 by dividing both the numerator and denominator by 2.

"
Convert the following statement into a code snippet.,"Convert the following statement into a code snippet.def print_hello(name):
    print(""Hello, "" + name + ""!"")

print_hello(""John"")
print_hello(""Jane"")
print_hello(""Bob"")
print_hello(""Sally"")
print_hello(""Bill"")
print_hello(""Jim"")
print_hello(""Kim"")
print_hello(""Mary"")
print_hello(""Nancy"")
print_hello(""Robert"")
print_hello(""Susan"")
print_hello(""Bruce"")
print_hello(""Lily"")
print_"
Generate the quivalent hexadecimal code of the RGB color code given below.,"Generate the quivalent hexadecimal code of the RGB color code given below.#FF0000. #FF is the hexadecimal code for red, 00 is the hexadecimal code for green, and 00 is the hexadecimal code for blue. #FF0000 is the equivalent hexadecimal code of the RGB color code (255, 0, 0). #FF0000 is a bright, vivid red color. #FF0000 is a bright, vivid red color. #FF0000 is a bright, vivid red color. #FF0000"
Convert this decimal number into a binary number.,Convert this decimal number into a binary number.41010101010101010101010101010101010101010101010101010101010101010101010101010101010101010101010101010101010101010101010101010101
Insert three line breaks in between the following two paragraphs.,"Insert three line breaks in between the following two paragraphs.It is important to have a clear understanding of the current state of the economy before making any investment decisions. 
This will help you to make informed decisions and reduce the risk of losing money. 
It is important to be aware of the economic trends and the current economic situation, as this will help you to make decisions that are best for you. 
You should also consider the potential risks and rewards of any investment before making a decision. 
It is also important to stay informed and up to date with the latest economic news and trends, so that you can make the best dec"
Generate a correct C++ program for the following logic.,"Generate a correct C++ program for the following logic.#include <iostream>

using namespace std;

int main() {
    int x = 5;
    int y = 7;
    int z = x + y;
    cout << ""The sum of x and y is "" << z << endl;
    return 0;
}

This program will print ""The sum of x and y is 12"".

Note: The program will not compile if the #include <iostream> is not included.

Note 2: The program will also not compile if the cout statement is not included.

"
List the five most essential features for a website.,"List the five most essential features for a website.The five most essential features for a website are: 

1. Responsive Design: A website that is designed to be viewed on all devices and screen sizes.
2. Speed: A website that loads quickly and is optimized for speed.
3. Navigation: Easy navigation with clear menus and buttons.
4. Content: High-quality, relevant content that is updated regularly.
5. Search Engine Optimization (SEO): A website that is optimized for search engines and keywords. 

These five features are essential for a website to be successful and to attract and engage users"
Brainstorm 5 ideas for a blog post about employee engagement,"Brainstorm 5 ideas for a blog post about employee engagement.1. How to Boost Employee Engagement Through Effective Communication 
2. Strategies for Motivating Your Employees 
3. How to Create a Positive Workplace Culture 
4. Employee Engagement Metrics to Track and Monitor 
5. The Benefits of Employee Engagement Programs 
6. How to Create a Supportive and Productive Work Environment 
7. Strategies for Encouraging Teamwork and Collaboration 
8. How to Foster a Positive Workplace Culture 
9. How to Promote Employee Well"
Describe the role of Data Science in AI-enabled decision making,"Describe the role of Data Science in AI-enabled decision making.Data Science plays a critical role in AI-enabled decision making by providing the necessary insights and information to inform AI algorithms and models. Data Science provides the data that is used to train AI models, as well as the analytics and algorithms that are used to analyze data and make decisions. By leveraging the power of AI and the insights provided by Data Science, organizations can make more informed decisions with greater accuracy and confidence. Data Science also helps organizations to identify and correct data biases, which can lead to more accurate and fair decisions. By leveraging the power of Data Science and AI"
"Given an article, identify the main actors and summarize their roles.","Given an article, identify the main actors and summarize their roles.The main actors in this article are John Smith and Jane Doe. John Smith is the CEO of XYZ Inc. and is responsible for overseeing the company's operations. Jane Doe is the head of marketing and is responsible for developing and implementing the company's marketing strategy. Both John and Jane are integral to the success of XYZ Inc. and work together to make sure the company achieves its goals.

In summary, John Smith is the CEO of XYZ Inc. and is responsible for overseeing the company's operations. Jane Doe is the head of"
What are the benefits of using a cloud storage system?,"What are the benefits of using a cloud storage system?The benefits of using a cloud storage system include increased data security and accessibility, cost savings, improved collaboration and communication, and better scalability. Additionally, cloud storage systems are typically more reliable than traditional storage systems, and can be easily expanded as needed. Cloud storage systems also allow for more efficient data management, as data can be easily backed up and accessed from any device. Lastly, cloud storage systems provide better data protection, as data is stored in a secure environment. This ensures that data is not lost due to hardware failure or other disasters. Finally, cloud storage systems are typically more cost-effective than"
Convert this biblical quotation from Mark 5:36,"Convert this biblical quotation from Mark 5:36 into a contemporary equivalent.He did not even have to ask. He just needed to say the word, and the people around him would immediately respond. He had the power to make them do anything he wanted. His word was law. 

The same is true of us today. We have the power to do what we want with our lives. We can choose to do the right thing, or we can choose to do the wrong thing. We have the power to make our own choices, and our choices have the power to change the world. 

So let us not be like the people who were amazed by Jesus"
Name 3 software applications relevant to the healthcare industry,"Name 3 software applications relevant to the healthcare industry.Three software applications relevant to the healthcare industry are Electronic Health Records (EHR), Radiology Information System (RIS), and Picture Archiving and Communication System (PACS). EHRs provide a secure, standardized way to store and share patient information. RIS and PACS are used for managing radiology information and images. EHRs, RIS, and PACS are all used to improve the quality and efficiency of healthcare services. They enable healthcare professionals to quickly access patient information and make informed decisions, while also ensuring patient data is secure and protected."
Is the following string a valid phone number or not? Output 1 for valid and 0 for invalid.,"Is the following string a valid phone number or not? Output 1 for valid and 0 for invalid.1 - The input string is a valid phone number. It consists of 10 digits and follows the standard format for a phone number. Therefore, the input string is valid. Output 1. 0 - The input string is not a valid phone number. It does not contain the required 10 digits and does not follow the standard format for a phone number. Therefore, the input string is invalid. Output 0. 0 - The input string is not a valid phone number. It does not contain the required 10 digits and does not follow the standard format for a phone number. Therefore, the input string is"
Research and summarize the common practices for caring of rabbits.,"Research and summarize the common practices for caring of rabbits.Common practices for caring for rabbits include providing them with a spacious, safe, and clean living environment, feeding them a balanced diet, providing them with plenty of fresh water, grooming them regularly, providing them with plenty of exercise, providing them with appropriate toys, and ensuring they get enough rest. Rabbits also need to be handled frequently and should be given regular check-ups to ensure they are in good health. Rabbits also need to be kept away from other pets and should be kept indoors for their own safety. Finally, it is important to provide rabbits with"
Set up a meeting with three people who you've never met via email.,"Set up a meeting with three people who you've never met via email.Hi,

I'm writing to invite you to a meeting with three other people that I've never met before. The meeting will be held on [date] at [time]. I hope you can join us!

Best regards,
[Name]
[Email]
[Phone Number]
[City]
[State]
[Zip]
[Country]
[City]
[State]
[Zip]
[Country]
[City]
[State]
[Zip]
[Country]
[City]
[State]
[Zip]
[Country"
Explain the difference between 'critical thinking' and 'analytical thinking',"Explain the difference between 'critical thinking' and 'analytical thinking'Critical thinking is the process of evaluating information, arguments, and ideas in order to form judgments and make decisions. It involves identifying and examining assumptions, evaluating evidence, and making decisions based on that evidence. Analytical thinking is the process of breaking down complex problems into smaller, manageable parts. It involves understanding and analyzing information, identifying patterns and relationships, and developing solutions. Analytical thinking is often used in conjunction with critical thinking, as it helps to evaluate evidence and make informed decisions. However, analytical thinking does not necessarily involve evaluating evidence, whereas critical"
Construct a sentence using these words,"Construct a sentence using these words: ""sprint"", ""summer"", ""sun"".The sprint of the summer sun.
The sun was sprinting through the summer sky.
The summer sun was sprinting across the sky.
The sprinting summer sun was bright and hot.
The summer sun was sprinting through the sky.
The sun's sprint through the summer sky was beautiful.
The summer sun was sprinting away.
The sun sprinted through the summer sky.
The sprint of the summer sun was breathtaking.
The summer sun was sprinting towards the horizon"
Write a blog post about the energy transition from fossil fuels to renewable energy sources.,"Write a blog post about the energy transition from fossil fuels to renewable energy sources.The world is rapidly transitioning away from fossil fuels and towards renewable energy sources. Fossil fuels, such as coal, oil, and natural gas, have long been the dominant source of energy, but the environmental and health impacts associated with their use are becoming increasingly clear. Renewable energy sources, such as solar, wind, and geothermal, are becoming increasingly cost-competitive and are now the fastest-growing source of energy. The transition to renewable energy sources will not only help reduce greenhouse gas emissions, but it will also create jobs, reduce"
Suggest actions that can be taken to reduce global warming,"Suggest actions that can be taken to reduce global warming.1. Reduce energy consumption and carbon emissions by using renewable energy sources like solar and wind. 
2. Implement energy-efficient technologies and practices, such as using LED light bulbs, insulating homes, and reducing the amount of waste produced. 
3. Encourage sustainable transportation options, such as walking, biking, and carpooling.
4. Support policies that promote the use of clean energy sources, such as carbon pricing and subsidies for renewable energy.
5. Reduce the use of single-use plastics and encourage"
Add a story about a hungry bear to the given input.,"Add a story about a hungry bear to the given input.Once upon a time, there was a hungry bear who lived in the woods. He was always looking for food, but never found enough to fill his belly. One day, he stumbled upon a small cottage in the middle of the forest. He knocked on the door, hoping to find something to eat. To his surprise, the owner of the cottage welcomed him in and offered him a meal. The bear was overjoyed and thanked the owner for the meal. He ate all he could and left with a full belly. From that day on, he never had"
Generate five creative ideas for how to use technology to help senior citizens with their daily tasks.,"Generate five creative ideas for how to use technology to help senior citizens with their daily tasks.1. Developing a wearable device that can track medication and remind users to take their doses.
2. Creating a virtual assistant that can help seniors with daily tasks such as shopping, cooking, and housework.
3. Developing a mobile application that can provide seniors with access to healthcare services and resources.
4. Creating a home automation system that can be controlled by voice commands.
5. Developing a virtual reality system that can help seniors practice physical activities and exercise.
6. Developing an app that can help seniors connect with their families and friends."
Differentiat between a leader and a manager,"Differentiat between a leader and a manager.A leader and a manager are two distinct roles. A leader is responsible for setting the vision, mission, and goals for a team, while a manager is responsible for managing the resources, processes, and people to achieve the goals. Leaders inspire and motivate their team, while managers focus on the efficiency and effectiveness of their team. A leader is often focused on the overall direction of the team, while a manager is focused on the day-to-day tasks. A leader is often seen as a mentor, while a manager is seen as a supervisor. A leader is often seen as a visionary"
Transform project requirements into an ordered list.,"Transform project requirements into an ordered list.1. Design a user-friendly website 
2. Develop an easy-to-use content management system 
3. Create a mobile app 
4. Develop a user interface for the app 
5. Implement a secure payment system 
6. Test and debug the app 
7. Deploy the app 
8. Monitor and maintain the website and app 
9. Provide customer support. 
10. Implement analytics and A/B testing. 
11. Optimize the app for different devices. 
12. Update the website and"
Describe how the new system works,"Describe how the new system works.The new system is an online application that allows users to apply for and track their applications. Users can submit their applications and track their status, as well as receive notifications when their application has been approved or rejected. The system also allows users to save their applications and come back to them at a later time. Additionally, users can access their application history and view all of their previous applications. The system also includes a chat feature so that users can ask questions and get help from customer service representatives. The system is secure and has a user-friendly interface, making it easy to use and understand. Finally, the system provides an intuit"
Identify whether the physics quantum theory is true or false.,"Identify whether the physics quantum theory is true or false.True. The physics quantum theory is a fundamental concept in physics that explains the behavior of matter and energy at the atomic level. It is based on the principles of wave-particle duality and the uncertainty principle, which states that it is impossible to know both the position and momentum of a particle simultaneously. This theory has been extensively tested and confirmed by numerous experiments and has been widely accepted by the scientific community. Therefore, the physics quantum theory is true."
Suggest the best type of encryption for this message.,"Suggest the best type of encryption for this message.AES 256-bit encryption is the best type of encryption for this message. AES is a symmetric key encryption algorithm that is widely used and considered to be secure. AES 256-bit encryption uses a 256-bit key, which is much longer than the 128-bit key used in AES 128-bit encryption. This makes it much more secure and resistant to attacks. Additionally, AES 256-bit encryption is faster and more efficient than AES 128-bit encryption, making it the best choice for this message"
Generate a hypothesis to explain the observed data.,"Generate a hypothesis to explain the observed data.The hypothesis is that the number of people buying gym memberships has increased in the past year due to the COVID-19 pandemic, as people have become more health-conscious and are looking for ways to stay active while staying at home. This could be supported by data on the number of gym memberships sold during the pandemic. Additionally, it could be supported by anecdotal evidence from gym owners and fitness professionals. The hypothesis could be tested by collecting data on the number of gym memberships sold in the past year and comparing it to data from the year before."
Come up with an alternative title for the book: The Cat in the Hat.,"Come up with an alternative title for the book: The Cat in the Hat.The Mischievous Kitty.

The Cat in the Hat: A Fun and Furry Adventure.

The Cat in the Hat: A Tale of Friendship and Play.

The Cat in the Hat: A Story of Friendship and Mischief.

The Cat in the Hat: A Journey of Fun and Laughter.

The Cat in the Hat: An Adventure of Imagination and Joy.

The Cat in the Hat: A Magical Tale of Friendship and Wonder.

The Cat in the Hat: A Heartwarm"
"Give me the antonym for the word ""abandon"".","Give me the antonym for the word ""abandon"".Keep, retain, maintain, hold on.

The antonym for ""abandon"" is ""keep"". Other antonyms include ""retain"", ""maintain"", and ""hold on""."
"Write the name of a city in the United States starting with the letter ""D"".","Write the name of a city in the United States starting with the letter ""D"".Denver. Denver is a major city in the state of Colorado in the United States. It is located in the western United States, in the Rocky Mountains. It is the 11th largest city in the United States, with a population of over 700,000 people. Denver is known for its outdoor recreation, cultural attractions, and vibrant nightlife. It is also home to many major corporations and institutions, including the University of Denver and the Denver Art Museum. Denver is a popular tourist destination, with plenty of attractions such as the Rock"
Describe what DNA is.,"Describe what DNA is.DNA (Deoxyribonucleic acid) is a molecule that contains the genetic instructions for all living organisms. It is made up of two strands of nucleotides, which are linked together by hydrogen bonds. Each nucleotide is composed of a sugar molecule, a phosphate molecule, and a nitrogenous base. The sequence of these nucleotides determines the genetic code that is used to encode genetic information. DNA is the basis for all genetic traits and is used to pass genetic information from one generation to the next"
Identify the different types of taxes and explain briefly what each tax is used for.,"Identify the different types of taxes and explain briefly what each tax is used for.The different types of taxes include income tax, sales tax, property tax, payroll tax, excise tax, and estate tax. Income tax is used to pay for government programs and services such as education, health care, and national defense. Sales tax is used to pay for state and local government expenses. Property tax is used to pay for local government expenses such as schools, police, and fire departments. Payroll taxes are used to pay for Social Security and Medicare. Excise taxes are used to pay for specific goods and services such as gasoline, tobacco, and alcohol"
Compose a marketing slogan for the given product.,"Compose a marketing slogan for the given product.A fresh take on the classic, this new product is the perfect way to start the day! #StartTheDayRight #NewProduct #FreshTakes #StartTheDayFresh #NewBeginnings #GetReadyToStartTheDayRight #StartTheDayFresh #NewBeginnings #StartTheDayRight #GetReadyToStartTheDayRight #StartTheDayFresh #NewBeginnings #StartTheDayRight #GetReadyToStartTheDayRight #StartTheDayFresh #NewBeginnings #StartTheDayRight #GetReadyToStartTheDayRight #StartTheDayFresh #NewBegin"
Create a taxonomy of all text genres.,"Create a taxonomy of all text genres.Fiction: Novels, Short stories, Flash fiction
Nonfiction: Memoirs, Biographies, Autobiographies, Textbooks
Poetry: Sonnets, Ballads, Free Verse
Drama: Plays, Screenplays
Speech: Oratory, Debates
Journalism: News articles, Features
History: Historical accounts, Academic histories
Humor: Satire, Comedy
Essay: Expository, Analytical, Persuasive
Technical writing: Instructional, Descriptive, Academic
Scient"
Create a program in Python to calculate the volume of a cylinder.,"Create a program in Python to calculate the volume of a cylinder.def cylinder_volume(radius, height):
    volume = π * radius * radius * height
    return volume

print(cylinder_volume(3, 4)) # Output: 24.0

# Test with different radius and height
print(cylinder_volume(10, 5)) # Output: 75.0

print(cylinder_volume(2, 6)) # Output: 12.0

print(cylinder_volume(3, 7)) # Output: 49.0
"
What is a primary source?,"What is a primary source?A primary source is a document or item that was created at the time of an event or period, and is used to provide firsthand information about that time period. It can be a diary, letter, photograph, or other type of artifact from the time period. Primary sources are considered to be more reliable than secondary sources, as they are written by people who lived during the time period and are therefore closer to the events they describe. They are also often more detailed and provide a more accurate picture of the time period than secondary sources. Primary sources can also be used to verify facts, as they often include direct quotes from people who were"
Generate five examples of metaphors used in poetry.,"Generate five examples of metaphors used in poetry.1. The night is a river, flowing with secrets.
2. Life is a game, full of twists and turns.
3. Time is a river, flowing away from us.
4. The city is a beast, swallowing us whole.
5. Love is a storm, crashing against our shore.

The first one compares the night to a river, the second one to a game, the third one to a river, the fourth one to a beast, and the fifth one to a storm. Each of these examples is a metaphor used to describe"
Edit the following sentence: 'He realized he master the subject',Edit the following sentence: 'He realized he master the subject'He realized he had mastered the subject. He had a good grasp of the material. He was able to apply his knowledge in a meaningful way. He was confident in his understanding. He had mastered the subject. He was knowledgeable and skilled. He was well-versed in the subject. He had become proficient. He had become proficient in the subject. He was adept at the subject. He had a strong understanding. He was able to make connections. He had mastered the subject. He was able to solve problems. He was able to make sense of complex concepts. He was able
List five challenges faced by refugees.,"List five challenges faced by refugees.1. Lack of access to education and healthcare
2. Limited employment opportunities
3. Discrimination and social exclusion
4. Trauma and mental health issues
5. Lack of legal protection and access to asylum procedures.

1. Lack of access to education and healthcare
2. Limited employment opportunities
3. Discrimination and social exclusion
4. Trauma and mental health issues
5. Lack of legal protection and access to asylum procedures.

1. Lack of access to education and healthcare
2. Limited employ"
Change the following sentence from present perfect to past perfect tense.,Change the following sentence from present perfect to past perfect tense.I have eaten.I ate.
Find a word in the sentence that is used as a noun.,"Find a word in the sentence that is used as a noun.The word ""dog"" is used as a noun."
Rewrite the following statement using formal English.,"Rewrite the following statement using formal English.The event was a success.

The gathering was well-received.

The gathering was successful.

The event was a hit.

The event was well-liked.

The event was well-attended.

The event was a success.

The event was successful.

The event was a hit.

The event was well-liked.

The event was well-attended.

The event was successful.

The event was a hit.

The event was well-liked.

The event was well-"
Sort these words in alphabetical order.,"Sort these words in alphabetical order.Bread, Fish, Rice.Bread, Fish, Rice.

Bread, Fish, Rice, Vegetable.Bread, Fish, Rice, Vegetable.

Fish, Rice, Vegetable, Bread.Fish, Rice, Vegetable, Bread.

Vegetable, Fish, Rice, Bread.Vegetable, Fish, Rice, Bread.

Fish, Rice, Bread, Vegetable.Fish, Rice, Bread, Vegetable.

"
Add an appropriate ending to the given story.,"Add an appropriate ending to the given story.The two friends made it to the top of the mountain and were rewarded with a stunning view of the valley below. They spent the rest of the day exploring the summit and taking in the breathtaking views. They knew that they would never forget their adventure on the mountain. And as they descended back down, they knew that they would always remember their journey to the top. 

The two friends were grateful for the experience they had shared and vowed to always treasure the memories of their adventure. They knew that they would never forget the joy and excitement of reaching the top of the"
"Given two sets, find the union of the two sets.","Given two sets, find the union of the two sets.{1, 2, 3, 4, 5, 6} 

The union of the two sets is {1, 2, 3, 4, 5, 6}. 

The union of the two sets is not equal to the union of the two sets because the sets have different elements. The set {1, 2, 3, 4} is not equal to the set {5, 6}. Therefore, the union of the two sets is {1, 2, 3, 4, 5, 6}. 

"
Develop a conversation between two people about the novel they are reading.,"Develop a conversation between two people about the novel they are reading.Person 1: Have you read ""The Great Gatsby"" yet? 
Person 2: Yeah, I just finished it. It was amazing.
Person 1: What did you think of the characters? 
Person 2: I thought they were all really well-developed and relatable. I especially enjoyed the way Nick Carraway was portrayed.
Person 1: Yeah, I agree. It was interesting to see how the characters changed throughout the story.
Person 2: Yeah, definitely. It was like watching a rollercoaster of emotions.
Person "
Give a sentence that describes this situation.,"Give a sentence that describes this situation.John was excited to finally get to the beach and enjoy some time in the sun. He had been looking forward to this day for weeks.

He had been looking forward to this day for weeks. He had been looking forward to this day for weeks. He had been looking forward to this day for weeks. He had been looking forward to this day for weeks. He had been looking forward to this day for weeks. He had been looking forward to this day for weeks. He had been looking forward to this day for weeks. He had been looking forward to this day for weeks. He had been looking forward to this day for weeks"
Come up with a one-word synonym for this phrase.,"Come up with a one-word synonym for this phrase.Boredom. 

Boredom is the state of feeling disinterested or lacking motivation, and is often associated with a lack of enthusiasm or energy. It can be a feeling of being stuck in a rut and lacking the willpower to make changes. 

Other synonyms for boredom include: monotony, tedium, tediousness, listlessness, and indifference. 

Other words that can be used to describe boredom include: dullness, tedium, doldrums, humdrum, and lackluster."
Summarize this article into 3 sentences.,"Summarize this article into 3 sentences.The United States government has been investing in the development of artificial intelligence (AI) for several years. This has led to the creation of AI systems that can be used in a variety of applications. In recent years, AI has been increasingly used in areas such as healthcare, transportation, and education. AI has the potential to revolutionize the way we live and work, making life easier and more efficient. However, it also raises ethical questions about the potential risks of AI and its impact on society. As such, it is important to carefully consider the potential benefits and drawbacks of A"
Describe the predominant emotion in the given text,"Describe the predominant emotion in the given text.The predominant emotion in this text is sadness. It is a somber and reflective piece, expressing the speaker's feeling of loneliness and helplessness. The speaker is feeling hopeless and alone, as they have no one to turn to for comfort. This emotion is reflected in the lines ""I'm feeling so lonely"" and ""I have no one to turn to"". The tone of the text is melancholic and reflective, conveying the speaker's feelings of sadness. This is why the predominant emotion in the text is sad"
Find the misspelt word in the text.,"Find the misspelt word in the text.The misspelt word is ""incredible"". The correct spelling is ""incredible"".

The incredible view from the top of the mountain was breathtaking. The wind was strong and the sun was shining bright. I felt like I was on top of the world. It was an incredible experience that I will never forget. 

The word ""incredible"" is a common misspelling of the word ""incredible"". It is important to proofread your writing to avoid spelling mistakes. 

The incredible view from the top of the mountain was breat"
"Given a text, use the given word to replace another word in the text.","Given a text, use the given word to replace another word in the text.He ate a sandwich. (He ate a sandwich.)
She is eating an apple. (She is eating an apple.)
The cat is purring. (The cat is purring.)
The man is smiling. (The man is smiling.)
He is laughing. (He is laughing.)
The children are playing. (The children are playing.)
He is crying. (He is crying.)
The birds are chirping. (The birds are chirping.)
She is singing. (She is singing.)
He is talking."
"Given a user query, detect the intent and respond with a suitable answer.","Given a user query, detect the intent and respond with a suitable answer.

Input: ""What is the best way to get rid of acne?""The best way to get rid of acne is to use a combination of treatments such as topical creams, oral medications, and lifestyle changes. Topical creams or gels can help to reduce the number of oil-producing glands and reduce inflammation. Oral medications, such as antibiotics or retinoids, can help to kill bacteria that contribute to acne. Lifestyle changes, such as using gentle skincare products, eating a healthy diet"
Analyze the given story and provide two comments on its theme.,"Analyze the given story and provide two comments on its theme.The theme of this story is the importance of taking time for yourself and finding inner peace. It highlights how taking a break from the daily grind can help you recharge and refocus your mind. Additionally, it emphasizes the value of taking a moment to appreciate the beauty around us. It reminds us that sometimes, taking a moment to enjoy the little things in life can be the best way to find peace. 

The story also highlights the importance of taking time for yourself, and the need to prioritize your own needs. It suggests that taking a moment to appreciate the beauty around us is an important part"
How can companies use artificial intelligence (AI) to increase their profits?,"How can companies use artificial intelligence (AI) to increase their profits?Companies can use artificial intelligence (AI) to increase their profits by automating processes, optimizing resources, improving customer service, and gaining better insights into their customer base. AI can also help companies to identify potential markets and develop targeted marketing campaigns. Additionally, AI can help companies to detect fraud and protect against security breaches. Companies can also use AI to develop new products and services, and to create more personalized customer experiences. All of these strategies can help companies to increase their profits."
Name one use of a hacksaw.,"Name one use of a hacksaw.A hacksaw is commonly used to cut through metal, wood, and plastic. It can be used to cut straight lines or curves, depending on the type of hacksaw. It is also used to remove rust from metal objects and to cut through tough materials like tree roots and thick pipes. Additionally, hacksaws can be used to cut through bones in veterinary medicine. 













































"
Find the relation between two words,"Find the relation between two words.The relation between ""chicken"" and ""egg"" is that chickens lay eggs. Chickens are birds that lay eggs, which are the source of eggs. Therefore, the relation between ""chicken"" and ""egg"" is that chickens lay eggs. This is the most common way of understanding the relationship between the two words.

The other way of understanding this relationship is that chickens are the source of eggs. Chickens lay eggs and these eggs are the source of all eggs. Therefore, the relation between ""chicken"" and ""egg"" is that chickens"
Rewrite this sentence so that it is two sentences,"Rewrite this sentence so that it is two sentences: ""I like to play basketball.""I like playing basketball. I have fun playing basketball.

I enjoy playing basketball and I have a lot of fun playing it. I love the feeling of being active and doing something I love. 

I like playing basketball because it is a great way to get exercise and relieve stress. I also like the feeling of accomplishment when I do well in a game.

I have a lot of fun playing basketball and I enjoy the feeling of competing against other players. I like to challenge myself and see how well I can do.

I like playing basketball because it"
Classify this type of tree: Oak,"Classify this type of tree: Oak.Tree Type: Oak.

Oak trees are deciduous and evergreen trees, typically growing between 50 and 100 feet tall. They have a spreading canopy and a long, straight trunk with deep furrows and rough bark. Oak trees produce acorns, which are a food source for many animals. They are native to North America and Europe. They are also known for their hardwood and durable wood, which is used for furniture and other building materials. Oak trees are also an important part of many landscapes, providing shade and habitat for a variety of animals"
Create a response for a customer who has an issue with the product delivery.,"Create a response for a customer who has an issue with the product delivery.I apologize for the inconvenience and would like to help you resolve this issue. Please provide me with the details of the issue and I will work to get it resolved for you. Thank you for your patience and understanding. We appreciate your business and look forward to serving you better in the future.

[Your Name]
[Your Company Name]
[Your Contact Information]
[Your Signature]
[Your Date]

End of Letter

This letter provides a polite and professional response to a customer's issue with the delivery of a product. It acknowledges the customer's"
Generate a headline about electric vehicles for a news article.,"Generate a headline about electric vehicles for a news article.Electric Vehicles: The Future of Transportation?

Electric vehicles are becoming increasingly popular, and many people are now looking for ways to reduce their carbon footprint. As the world moves away from fossil fuels, electric vehicles are becoming more accessible and affordable. Is this the beginning of a new era of transportation? Read more to find out. #ElectricVehicles #ClimateChange #Transportation #FossilFuels #CarbonFootprint #Sustainability #FutureOfTransportation #EcoFriendly #SustainableFuture"
Generate an appropriate response to a customer who is asking for technical support.,Generate an appropriate response to a customer who is asking for technical support.I apologize for the inconvenience you are experiencing. I would be happy to help you with your issue. Please provide me with more details about the problem so I can assist you better. I'll do my best to help you resolve the problem. Thank you for your patience. - the technical support team.
"Given an article, summarize the main points in 5 sentences.","Given an article, summarize the main points in 5 sentences.The United States government has implemented policies to reduce carbon emissions, including the Renewable Fuel Standard, which sets renewable energy standards for fuels such as ethanol, biodiesel, and cellulosic biofuels. The Renewable Fuel Standard also sets standards for other types of fuels, such as natural gas and electricity. The goal of the Renewable Fuel Standard is to reduce greenhouse gas emissions and to increase the use of renewable energy. The Renewable Fuel Standard has been successful in reducing emissions and increasing the use of renewable energy, but it"
Explain what this quote means:,"Explain what this quote means: ""The only thing necessary for the triumph of evil is for good men to do nothing.""This quote is saying that the only way for evil to succeed is if good people don't take action to stop it. This is to say that inaction can lead to the triumph of evil, as people may be too afraid to act or too apathetic to care. It is important to take action and be vigilant in order to prevent evil from succeeding. This is why it is important to do what is right and to stand up for what is right, even if it is difficult. It is also important to be mindful"
Describe the benefits of using an online shopping cart system.,"Describe the benefits of using an online shopping cart system.Using an online shopping cart system can provide many benefits. It allows customers to easily browse and select products, as well as make payments quickly and securely. It also allows customers to easily track their orders and receive shipping updates. Additionally, an online shopping cart system can help businesses to automate their processes and save time and money. It can also provide valuable insights into customer behavior and preferences. Furthermore, it can be integrated with other systems, such as inventory management and customer service systems, to provide a more comprehensive view of customer activity. Finally, an online shopping cart system can be custom"
Write a mental health tip.,"Write a mental health tip.Taking time for yourself each day is essential for mental health. Make sure to set aside some time each day to relax, reflect, and recharge. This can include activities such as meditation, journaling, or simply taking a few minutes to breathe deeply and focus on the present moment. Taking time for yourself can help you feel more grounded and centered, and it can help you stay connected to your own needs and desires. Take care of yourself and remember to take time for yourself each day. #mentalhealth #selfcare #selflove #selfawareness #mindfulness #ment"
Design a product review system for a website.,"Design a product review system for a website.A product review system should include a user-friendly interface for customers to rate and review products. The system should also have features such as rating stars, text input, and the ability to add images. Additionally, the system should provide an overview of the product, its features, and a list of customer reviews. The system should also have a feature to flag and remove any inappropriate or fake reviews. Finally, the system should have a feature to send notifications to customers when a new review is posted. 

The system should be able to handle multiple product types and have a feature to automatically generate product reviews. It"
"Using the given words, create a haiku.","Using the given words, create a haiku.Sunrise in the sky,
Brightly shining in the clouds,
The world's beauty shines.

The sun rises high,
Bringing light to the sky,
A beautiful sight.

The sun shines bright,
Bringing warmth to the world,
A beautiful sight.

The sun is shining,
A beautiful sight to behold,
A beautiful sight.

The sun rises high,
Bringing warmth to the world,
A beautiful sight.

The sun shines bright,
Bringing"
Add two comma-separated adjectives that describe a sunset.,"Add two comma-separated adjectives that describe a sunset.The sunset was a majestic, golden orange. The sky was a vibrant, pinkish-orange. The sun was a brilliant, fiery orange. The clouds were a puffy, white, and wispy. The trees were a lush, green. The grass was a vibrant, emerald. The sky was a deep, purple-gray. The stars were a twinkling, silver. The moon was a bright, glowing white. The sky was a majestic, blue. The clouds were a wispy, white, and puffy. The stars were"
Describe how a basic computer virus works.,"Describe how a basic computer virus works.A basic computer virus is a type of malware that replicates itself by infecting other programs, files and computers. It is able to infect a computer by exploiting vulnerabilities in the system, or by tricking the user into opening a malicious attachment or clicking on a malicious link. Once a computer has been infected, the virus can spread to other computers on the network, infecting them as well. The virus can also cause damage to the infected computer, such as corrupting files, deleting important data, or stealing personal information. In addition, the virus can be used to launch further"
Find and explain the permanent solution to the Syrian refugee crisis.,"Find and explain the permanent solution to the Syrian refugee crisis.The permanent solution to the Syrian refugee crisis is to provide safe and secure living conditions for refugees, as well as addressing the underlying causes of the conflict that led to the crisis. This can be achieved through a comprehensive and coordinated approach that addresses the social, economic, and political factors that caused the conflict, and also ensures that refugees have access to education, healthcare, and other essential services. Additionally, it is important to address the root causes of the conflict, such as poverty, inequality, and political oppression, in order to ensure lasting peace and stability in the region. This will help"
Classify the following object according to the following categories:,"Classify the following object according to the following categories: furniture, food, clothing.Furniture. A chair is a piece of furniture.
Food. A apple is a type of food.
Clothing. A shirt is a type of clothing.
Furniture. A couch is a type of furniture.
Food. A sandwich is a type of food.
Clothing. A pair of pants is a type of clothing.
Furniture. A table is a type of furniture.
Food. A pizza is a type of food.
Clothing. A dress is a type of"
Create a program that takes an array and outputs the largest element,"Create a program that takes an array and outputs the largest element.The program should take in an array and then iterate through the array to find the largest element. Once the largest element is found, it should print out the element and the index of the array where it was located. For example, if the array is [2, 5, 1, 4], the program should output 5, which is the largest element in the array. The index of the array should be [2]. The program should also handle errors when the array is empty or contains only one element. For example, if the array is [], the program should print out -1, which is the index of"
"Describe the relationship between the nouns and pronouns in the sentence: ""She invited Joe and he to dinner.""","Describe the relationship between the nouns and pronouns in the sentence: ""She invited Joe and he to dinner.""The nouns in the sentence are ""She"" and ""dinner"". The pronouns are ""he"". ""She"" is the subject of the sentence, and ""he"" is the object of the verb ""invited"". ""to dinner"" is a prepositional phrase. It indicates the place where the action of the verb took place. The relationship between the nouns and pronouns is that ""She"" is the subject and ""he"" is the object. The pronoun ""he"" is referring to the person that ""She"" invited. The prepositional phrase ""to dinner"" is indicating the"
"Create a sentence using the following words: research, social","Create a sentence using the following words: research, social, and technology.The advancement of technology has enabled the development of more efficient and effective social research.










































































































"
Is this sentence a question or an imperative?,"Is this sentence a question or an imperative?Question.
The sentence is a question, asking what the speaker is doing. 

Is this sentence a question or an imperative?
Question.
The sentence is a question, asking what the speaker is doing. 

Is this sentence a question or an imperative?
Question.
The sentence is a question, asking what the speaker is doing. 

Is this sentence a question or an imperative?
Question.
The sentence is a question, asking what the speaker is doing. 

Is this sentence a question or an imperative?
Question.
The sentence is a question"
Find the last number in the Fibonacci series that is divisible by 68.,"Find the last number in the Fibonacci series that is divisible by 68.2037. It is the last number in the Fibonacci sequence that is divisible by 6. It is also the sum of the two preceding numbers, 144 and 216. The sequence starts with 0 and 1, and each number is the sum of the two preceding numbers. 0, 1, 1, 2, 3, 5, 8, 13, 21, 34, 55, 89, 144, 233, 377, 610"
"Split the given sentence into parts of speech (noun, adjective, verb, etc.).","Split the given sentence into parts of speech (noun, adjective, verb, etc.).Noun: 
Noun: 
Verb: 
Adjective: 
Adjective: 
Noun: 
Noun: 
Adjective: 
Noun: 
Noun: 
Noun: 
Adjective: 
Adjective: 
Verb: 
Noun: 
Adjective: 
Noun: 
Noun: 
Noun: 
Adjective: 
Adjective: 
Noun: 
Verb: 
Noun: 
Noun: 
Noun:"
